Title,Price,Rating,Brand,Ram,Storage,Color,Processor
"HP 15 (i5 14th Gen), Intel Core 5, 16GB RAM (Upgradeable), 512GB SSD, FHD, Anti-Glare, 15.6''/39.6cm, Win11, M365 Basic(1yr), Office24, Silver,1.59kg, fd0682tu, FHD Camera w/Shutter, Backlit Laptop","75,990",3.6,Hp,16.0,512.0,Silver,Intel
"HP Omnibook 3, Snapdragon X Processor 45 Tops (16GB LPDDR5x,512GB SSD) 2K WUXGA, 14''/35.6cm, Win 11, M365*Office 24,Silver,1.42kg, hz0026QU/ hz0024QU, Lighter mini Charger, FHD IR Camera, AI Laptop","69,990",3.2,Hp,16.0,512.0,Silver,Snapdragon
"Lenovo V15 G4 AMD Athlon Silver 7120U Laptop 8GB LPDDR5 Ram, 512 GB SSD PCIe, Windows 11 Lifetime Validity,15.6"" FHD Screen, AMD Radeon 610M, Silver, 1 Year Brand Warranty","44,999",4.0,Lenovo,8.0,512.0,Silver,AMD
"ASUS Vivobook 16,Smartchoice, 13th Gen, Intel Core i5-13420H,16GB RAM,512GB SSD,FHD, OLED,Win 11,M365 Basic (1Y),Backlit Keyboard,Office 2024,Silver,1.88 kg,X1605VA-SH1952WS, Thin & Light Laptop","67,990",4.0,Asus,16.0,512.0,Silver,Intel
"Apple 2026 MacBook Neo 13″ Laptop with A18 Pro chip: Built for AI and Apple Intelligence, Liquid Retina Display, 8GB Unified Memory, 256GB SSD Storage, 1080p FaceTime HD Camera; Indigo","73,990",4.8,Apple,8.0,256.0,Indigo,Unknown
"Acer Smartchoice Aspire One, AMD Ryzen 5-40,Office 2024 + M365 Basic, 8GB LPDDR5 RAM/ 512GB SSD, 14.0""/35.56cm WXGA Display, Win 11 Home, Pure Silver, 1.48KG, A114-43, Thin and Light Laptop","49,990",3.7,Acer,8.0,512.0,Silver,AMD
"ASUS Vivobook 15, Smartchoice,Intel Core i5 13th Gen 13420H,16GB RAM, 512GB SSD, FHD 15.6"",Windows 11, Office Home 2024, Quiet Blue, 1.70 kg, X1502VA-BQ836WS,Intel UHD iGPU, M365 Basic (1Year)* Laptop","65,990",4.1,Asus,16.0,512.0,Blue,Intel
"Dell 15, Intel Core 13th Gen i5-1334U, FHD, 15.6""/39.62cm, Windows 11, MSO'24, Grey, 1.66kg, Vostro 3530, (16GB DDR4, 512GB SSD) Anti-Glare FHD 15.6""/39.62cm, 12 Month McAfee, Thin & Light Laptop","69,990",3.8,Dell,16.0,512.0,Grey,Intel
"Apple 2026 MacBook Neo 13″ Laptop with A18 Pro chip: Built for AI and Apple Intelligence, Liquid Retina Display, 8GB Unified Memory, 256GB SSD Storage, 1080p FaceTime HD Camera; Silver","73,990",4.7,Apple,8.0,256.0,Silver,Unknown
"Dell 15 (Previously Inspiron) Laptop, 14th Gen Intel Core i3/Core 3 100U Processor, 16GB DDR4, 512 SSD, Intel UHD Graphics, 15.6"" FHD 120Hz IPS AG 250 nit Display, Win 11 + Office 2024, Black, 1.63Kg","62,490",4.0,Dell,16.0,512.0,Black,Intel
"Acer Aspire Lite, AMD Ryzen 3-5400U, 8 GB RAM, 512 GB SSD, Full HD 15.6""/39.62 cm, Windows 11 Home, Steel Gray, 1.59 KG, AL15-41, Premium Laptop","42,990",4.2,Acer,8.0,512.0,Gray,AMD
"Acer Smartchoice Aspire One, AMD Ryzen 5-40, 8GB LPDDR5 RAM/ 256GB SSD, 14.0""/35.56cm WXGA Display, Win 11 Home, Pure Silver, 1.48KG, A114-43, Thin and Light Laptop","44,990",4.1,Acer,8.0,256.0,Silver,AMD
"Acer Aspire 3 Laptop Intel Core Celeron N4500 Processor Laptop (8 GB LPDDR4X SDRAM/256 GB SSD/Win11 Home/38 WHR/HD Webcam) A325-45 with 39.63 cm (15.6"") HD Display, Pure Silver, 1.5 KG","35,690",3.4,Acer,4.0,256.0,Silver,Intel
"Acer Aspire One, Intel Core Celeron N4500, 8GB LPDDR4 RAM/ 256GB SSD, 14.0""/35.56cm WXGA Display, Intel UHD Graphics, Win 11 Home, Pure Silver, 1.3 Kg, A114-45, Thin and Light Laptop","35,990",1.0,Acer,8.0,256.0,Silver,Intel
"Dell 15 (Previously Inspiron) Laptop, 14th Gen Intel Core i3/Core 3 100U Processor, 8GB DDR4, 512 SSD, 15.6"" FHD 120Hz IPS AG 250 nit Display, Win 11 + Office H&S 2024, Carbon Black, 1.63Kg","57,490",3.9,Dell,8.0,512.0,Black,Intel
"Acer One 15 Smart Laptop AO15-41M-G2 | AMD Ryzen 3 7320U | AMD Radeon 610M Graphics | 8GB LPDDR5 RAM | 256GB NVMe SSD | 15.6"" FHD Display | Windows 11 Home | Silver","38,700",2.8,Acer,8.0,512.0,Silver,AMD
"HP Chromebook 14, MediaTek Kompanio 540 (4GB LPDDR5, 128GB UFS) HD, Anti-Glare, Micro-Edge, 14''/35.6cm, ChromeOS, 100 GB Google One(1yr), Modern Gray,1.35kg, nm0004MU, HD Camera w/Shutter Laptop","29,990",4.0,Hp,4.0,512.0,Gray,MediaTek
"HP Professional 15 (2026), Intel (i3 14th Gen) Core 3 100U - (8 GB DDR5/512 GB SSD/Intel UHD Graphics/Windows 11 Home) Thin & Light Business Laptop/15.6"" Display/Silver/Copilot Key/1.5kg/MSO 2024","50,500",5.0,Hp,5.0,512.0,Silver,Intel
"Lenovo IdeaPad Slim 3 13th Gen Core i7-13620H 15.3 inch (38.8cm) WUXGA IPS Laptop (16GB RAM/512GB SSD/Windows 11/MSO 365 Basic+Office 2024/Top Metal Cover/Backlit KB/1Yr ADP/Grey/1.6Kg), 83K1016UIN","82,654",3.8,Lenovo,16.0,512.0,Grey,Unknown
"HP 15 Smartchoice, 13th Gen Intel Core i3-1315U (12GB DDR4, 512GB SSD) FHD, Anti-Glare, Micro-Edge, 15.6''/39.6cm, Win11, M365(1yr)*Office24, Silver, 1.59kg, fd0573TU, FHD Camera w/Shutter Laptop","44,990",4.2,Hp,12.0,512.0,Silver,Intel
"HP 15 Laptop, AMD Ryzen 7 7730U (16GB DDR4,512GB SSD) Anti-Glare, Micro-Edge,15.6''/39.6cm, FHD, Win11, M365 Basic(1yr),Office Home24,Silver,1.59kg,FHD Camera w/Privacy Shutter, Backlit KB, fc0761AU","69,790",4.0,Hp,16.0,512.0,Silver,AMD
"Apple 2026 MacBook Pro Laptop with M5 Pro chip with 15‑core CPU and 16‑core GPU: Built for AI, 35.97 cm (14.2″) Liquid Retina XDR Display, 24GB Unified Memory, 2TB SSD Storage; Silver","3,42,490",4.6,Apple,24.0,2048.0,Silver,Unknown
"Acer Smartchoice Aspire One, AMD Ryzen 5-40, 8GB LPDDR5 RAM/ 512GB SSD, 14.0""/35.56cm WXGA Display, Win 11 Home, Pure Silver, 1.48KG, A114-43, Thin and Light Laptop","47,990",3.8,Acer,8.0,512.0,Silver,AMD
"HP 15, AMD Ryzen 3 7320U (8GB LPDDR5, 512GB SSD) FHD, Anti-Glare, Micro-Edge, 15.6""/39.6cm, Win 11, Office 21, Silver, 1.59kg, fc0154AU, AMD Radeon Graphics, 1080p FHD Camera Laptop","49,450",4.1,Hp,8.0,512.0,Silver,AMD
"ASUS Chromebook CM1405 (2026), Smartchoice, MediaTek Kompanio 540 Processor, 4GB RAM, 64GB SSD, FHD, 14""(35.5 cm), 60Hz, Chrome OS, Pure Grey, 1.37 Kg, CM1405CM4A-S60034, Thin & Light Laptop","28,990",4.3,Asus,4.0,64.0,Grey,MediaTek
"acer Aspire Lite,13th Gen, Intel Core i5-13420H Processor, 16 GB RAM, 512 GB SSD, Full HD IPS, 15.6""/39.62 cm, Windows 11 Home, MS Office, Pure Silver, 1.70 kg, AL15-52H, Thin and Light Laptop","64,390",3.8,Acer,6.0,512.0,Silver,Intel
"HP Smartchoice Victus, AMD Ryzen 7 7445HS, 6GB RTX 3050, 16GB DDR5(Upgradeable) 512GB SSD, 144Hz, 300 nits, 15.6''/39.6cm, Win 11, Office 24, Blue, 2.29kg, fb3134/20ax, Xbox Gamepass*, Gaming Laptop","95,990",4.1,Hp,6.0,512.0,Blue,AMD
"Apple 2026 MacBook Air 13″ Laptop with M5 chip: AI and Apple Intelligence, 34.46 cm (13.6″) Liquid Retina Display, 24GB Unified Memory, 1TB SSD Storage, 12MP Center Stage Camera, Touch ID; Midnight","1,94,990",4.8,Apple,24.0,1024.0,Unknown,Unknown
"Apple 2026 MacBook Air 15″ Laptop with M5 chip: AI and Apple Intelligence, 38.91 cm (15.3″) Liquid Retina Display, 16GB Unified Memory, 1TB SSD Storage, 12MP Center Stage Camera, Touch ID; Midnight","2,00,490",4.7,Apple,16.0,1024.0,Unknown,Unknown
"Acer 15 Smartchoice, AMD Ryzen 3-7320U, 15.6"" Full HD Display, | 8GB DDR5 RAM 5500 Mhz, 256GB SSD New Gen, Windows 11Home, Ms office 21, Antivrus, 1.59KG, Professional Thin and Light Laptop","44,990",5.0,Acer,8.0,256.0,Unknown,AMD
"Lenovo V15 G6 AMD Ryzen 7 170 (Coequal 7735HS) 15.6"" (39.62cm) FHD Thin and Light Business Laptop (16GB RAM DDR5/ 512GB SSD/Windows 11/ MS Office 2024/ AMD Radeon Graphics/Luna Grey/ 1.6 kg)","69,999",3.8,Lenovo,16.0,512.0,Grey,AMD
"Lenovo IdeaPad Slim 3 Ryzen 3 30 15.6"" (39.6cm) FHD Thin and Light Laptop (8GB RAM/512GB SSD/AMD Radeon 610M Graphics/Windows 11/Office 2024/Grey/1.6Kg), 82XQ01VYIN","54,990",4.4,Lenovo,8.0,512.0,Grey,AMD
"Lenovo 14 (2026), Intel Core i5 13th Gen 13420H - (8 GB DDR5/512 GB SSD/Intel UHD Graphics/Windows 11 Pro) Thin and Light Business Laptop/14.0"" FHD Display/Luna Grey/Copilot Key/1.4 kg/MS Office 2024","58,800",4.0,Lenovo,5.0,512.0,Grey,Intel
"Acer Aspire 3 (2026), Intel Core i5 13th Gen 1334U - (16 GB/512 GB SSD/Intel UHD Graphics/Windows 11 Home) Thin and Light Laptop/15.6"" FHD IPS Display/Silver/1.5 Kg/MS Office 2024/3 Years Warranty","60,250",5.0,Acer,16.0,512.0,Silver,Intel
"Lenovo V15 G4 Laptop with AMD Ryzen 5 7520U, 16GB DDR5 RAM, 512GB SSD, 15.6-inch FHD Display, AMD Radeon Graphics, Windows 11 Home, MS Office 2024, Dolby Audio, Arctic Grey, 1 Year Onsite Warranty","56,900",5.0,Lenovo,16.0,512.0,Grey,AMD
"Lenovo IdeaPad Slim 3 13th Gen Intel Core i3-1315U 15.6 Inch (39.6cm) FHD Thin & Light Laptop (8GB RAM/512GB SSD/Windows 11/Office Home 2024/Grey/1.62Kg), 82X700HHIN","54,058",4.6,Lenovo,8.0,512.0,Grey,Intel
"Lenovo IdeaPad 1 AMD Ryzen 5 5500U 15.6"" HD Thin and Light Laptop (8GB RAM/512GB SSD/Windows 11 Home/Office Home 2024/1 Year ADP Free/Grey/1.6Kg), 82R4011MIN","55,990",4.1,Lenovo,8.0,512.0,Grey,AMD
"ASUS Vivobook S14, Intel Core Ultra 5 225H, Intel iGPU,16GB RAM,512GB SSD, FHD+,14"",60Hz,Windows 11,M365 Basic (1Year)*,Office Home 2024,Cool Silver,1.4 Kg, S3407CA-LY060WS, Metallic Design Laptop","82,990",4.2,Asus,16.0,512.0,Silver,Intel
"HP 255 G10 Laptop for Home or Work, 16GB RAM DDR5, 512GB SSD, 15.6"" Full HD, Ryzen 3 7335U (Beats Intel i5-1135G7), HDMI, USB-C","58,990",4.3,Hp,16.0,512.0,Unknown,Intel
"HP Chromebook 14, MediaTek Kompanio 540 (4GB LPDDR5, 128GB UFS) HD, Touch, Anti-Glare, Micro-Edge, 14''/35.6cm, ChromeOS, 100GB Google One(1yr),Modern gray,1.35kg, nm0006MU, HD Camera w/shutter Laptop","32,990",4.0,Hp,4.0,512.0,gray,MediaTek
"HP 15, AMD Ryzen 5 7520U,(16GB LPDDR5, 512GB SSD), Anti-Glare, Micro-Edge, FHD, 15.6''/39.6cm, Win 11, Office 24,M365 Basic(1yr)*,Silver, 1.59kg, fc0690au, FHD Camera, Backlit KB Laptop","67,400",3.9,Hp,16.0,512.0,Silver,AMD
"Lenovo 14 (2026), Intel Core i5 13th Gen 13420H - (16 GB DDR5/512 GB SSD/Intel UHD Graphics/Windows 11 Pro) Thin and Light Business Laptop/14.0"" FHD Display/Luna Grey/Copilot Key/1.4 kg/MS Office 2024","68,990",5.0,Lenovo,5.0,512.0,Grey,Intel
"𝗗𝗲𝗹𝗹Laptop Model 5420 | 𝗜𝗡𝗧𝗘𝗟i5 11th Gen Processor |8GB DDR4 RAM |256GB SSD |14"" FHD Display | Win10 | A+ Condition Laptop (Refab)","37,400",4.0,Unknown,8.0,256.0,Unknown,Unknown
"ASUS Chromebook CM1505 (2026), Smartchoice, MediaTek Kompanio 540 Processor, 4GB RAM, 64GB SSD, FHD, 15.6""(39.6 cm), 60Hz, Chrome OS, Fabric Blue, 1.49 Kg, CM1505CM4A-S70080, Thin & Light Laptop","24,990",3.7,Asus,4.0,64.0,Blue,MediaTek
"HP 14 Smartchoice, Intel Core Ultra 5 125H 12 TOPS, 24GB DDR5 (Upgradeable) 1TB SSD, Anti-Glare, FHD, 14''/35.6cm,Win11, M365*Office24, Silver, 1.4kg, ep1180tu, FHD Camera w/Shutter, Backlit AI Laptop","85,990",3.3,Hp,24.0,1024.0,Silver,Intel
"Lenovo IdeaPad Slim 3 AMD Ryzen 5 40 15.6"" (39.6cm) FHD Thin and Light Laptop (16GB RAM/512GB SSD/Backlit Keyboard/Windows 11/Microsoft 365 Basic + Office 2024/Grey/1.6Kg), 82XQ01HQIN","68,490",3.9,Lenovo,16.0,512.0,Grey,AMD
"HP OmniBook 5 OLED (Previously Pavilion), Snapdragon X Processor 45 Tops (16GB LPDDR5x, 1 TB SSD), 2K 14''/35.6cm, Win11, Office24, Silver, 1.29kg, he0015QU, Multi-Day Battery, AI Laptop","85,990",4.0,Hp,16.0,1024.0,Silver,Snapdragon
"MaxBook 14” FHD Laptop, pentium N4200, 8GB RAM, 256GB SSD, WiFi & Bluetooth, USB 3.2, Mini HDMI, Windows 11 Notebook, Lightweight Laptop for Work & Study","25,640",5.0,Maxbook,8.0,256.0,Unknown,Unknown
"HP 14s Intel Celeron Dual Core N4500 Laptop (8GB/512GB SSD/Win 11) 14.0"" HD Display, MSO 24, Black, 1.46kg, DQ3149TU Thin and Light Business Laptop","42,999",3.2,Hp,8.0,512.0,Black,Intel
"Lenovo IdeaPad Slim 3, 13th Gen Intel Core i5 13420H, 24GB RAM, 1TB SSD, WUXGA IPS, 15.3""/38.8cm, Windows 11, Office 2024, Grey, 1.6Kg, Backlit Keyboard, 1Yr ADP Free, 83K100PLIN/83K1010FIN, Laptop","87,990",4.2,Lenovo,24.0,1024.0,Grey,Intel
"acer Aspire 3, Intel Pentium N6000, 12GB LPDDR4X RAM, 512GB SSD, HD, 15.6""/39.62cm, Windows 11 Home, Pure Silver, 1.5KG, A325-45, Thin and Light Laptop","39,890",3.3,Acer,12.0,512.0,Silver,Intel
"HP Omnibook 5 OLED (Previously Pavilion), Snapdragon X Processor 45 Tops (16GB LPDDR5x, 1TB SSD) 2K,16''/40.6cm, Win11, Office24, Silver, 1.59kg, fb0001QU, Multi-Day Battery AI Laptop","84,990",4.0,Hp,16.0,1024.0,Silver,Snapdragon
"Lenovo V15 AMD Ryzen 7 7730U 15.6"" (39.62cm) FHD 250 Nits Antiglare Thin and Light Laptop (Free MS Office) Lifetime (16GB/512GB SSD/Windows 11/Iron Grey/1.65 Kg) 1 Year Brand Warranty,","67,999",4.2,Lenovo,16.0,512.0,Grey,AMD
"HP 15, Intel Core 5-120U (16GB DDR4, 512GB SSD) FHD, Anti-Glare, Micro-Edge, 15.6''/39.6cm, Win11, M365 Basic(1yr), Office Home24, Silver,1.59kg, fd0682tu, FHD Camera w/Shutter, BL Laptop","68,698",3.0,Hp,16.0,512.0,Silver,Intel
"Lenovo V14 G4 AMD Ryzen 5 7520U 14"" (35.56 cm) FHD Laptop (16GB LPDDR5 RAM/512GB SSD/Windows 11 Home/Ms-Office /2GB AMD Radeon 610M Graphics/Dolby Audio/Arctic Grey/1.43 Kg), 1 Year Warranty","56,690",3.6,Lenovo,16.0,512.0,Grey,AMD
"ASUS Vivobook Go 14 (2026),AMD Ryzen 3 30 Processor,AMD Radeon iGPU,8GB RAM,512GB SSD,FHD,14"" (35.5 cm),Windows 11,M365 Basic(1Y)* Office 2024,Cool Silver,1.38 Kg,E1404FA-EB1224WS,Thin & Light Laptop","48,990",3.5,Asus,8.0,512.0,Silver,AMD
"Acer Smartchoice Aspire One, AMD Ryzen 3-7320U, Office 2024 + M365 Basic, 8GB LPDDR5 RAM/ 256GB SSD, 14.0""/35.56cm TN HD Display, Win 11 Home, Pure Silver, 1.48KG, A114-43, Thin and Light Laptop","45,990",3.4,Acer,8.0,256.0,Silver,AMD
"Lenovo ThinkBook 16, Intel Core Ultra 9 185H, 16GB RAM, 512GB SSD, WUXGA IPS 16” (40.64cm), Win 11 Home, Arctic Grey, 1.7Kg, 21SKA0J5IG, Fingerprint, Backlit, 300 Nits, 1Y Warranty, AI Powered Laptop","98,990",3.7,Lenovo,16.0,512.0,Grey,Intel
"Primebook 2 Max (2026) | 8GB RAM, 256GB UFS Storage | 15.6-Inch Full HD IPS Display | 12hrs Battery | MediaTek Helio G99 | Android 15 (PrimeOS 3.0) | Backlit Keyboard | in-Built AI (Gray)","31,990",4.3,Primebook,8.0,512.0,Gray,MediaTek
"HP 14, Intel Core Ultra 5 125H (16GB DDR5, 512GB SSD), Micro-Edge, Anti-Glare, FHD, 14''/35.6cm, Win11, M365* Office24, Silver, 1.4kg, ep1150TU, FHD Camera, Backlit Laptop","77,990",3.0,Hp,16.0,512.0,Silver,Intel
"HP Smartchoice Victus, 13th Gen Intel Core i7-13620H, 8GB RTX 5060, 24GB DDR5(Upgradeable) 1TB SSD, 144Hz, FHD, 15.6""/39.6cm, Win11, M365(1yr)*Office 24, Mica Silver,2.29Kg,fa2308TX, RGB Gaming Laptop","1,29,990",4.1,Hp,8.0,1024.0,Silver,Intel
"HP 15 Smartchoice, 13th Gen Intel Core i5-1334U (16GB DDR4, 1TB SSD) FHD, Anti-Glare, Micro-Edge, 15.6''/39.6cm, Win11, M365(1yr) Office24, Silver, 1.59kg, FD0552TU,Iris Xe, FHD Camera, Backlit Laptop","65,990",3.9,Hp,16.0,1024.0,Silver,Intel
"HP Professional 15 (2026), Intel (i3 14th Gen) Core 3 100U - (16 GB/512 GB SSD/Intel UHD Graphics/Windows 11 Home) Thin & Light Business Laptop/15.6"" Display/Turbo Silver/Copilot Key/1.5kg/MS Office","62,500",4.1,Hp,32.0,512.0,Silver,Intel
"Acer Professional 14[New Launch], AMD Ryzen 7-7730U, 32GB RAM, 1TB SSD, 14"" Full HD Laptop, Windows 11 Pro, MSO21, 1.34KG, Backlite KB, Finger Print, Metal Body, 3 Year Warranty, 12 Mounths Antivrus","84,990",2.8,Acer,32.0,1024.0,Unknown,AMD
"ASUS Vivobook 16, Snapdragon X, 16GB RAM, 512GB SSD, FHD+ 16"", Windows 11, Office Home 2024, Cool Silver, 1.88kg, X1607QA-MB050WS, Qualcomm Adreno iGPU, 45TOPS, M365 Basic(1Year)* Laptop","63,990",4.1,Asus,16.0,512.0,Silver,Snapdragon
"Acer Aspire Lite, 13th Gen Intel Core i3-1305U, 8GB RAM, 512GB SSD, FHD, 15.6""/39.62cm, Windows 11 Home, Steel Gray, 1.59KG, AL15-53, Metal Body, Thin and Light Premium, Laptop","49,990",4.0,Acer,8.0,512.0,Gray,Intel
"Dell DC15250, 15.6"" (39.62 cm) FHD Laptop with Intel Core i5-1334U, 16GB RAM, 512GB SSD, 120Hz, 250 Nits Display, Wi-Fi 6, Windows 11 Home, MSO 11–Sleek, Fast & Reliable for Work, Study & Everyday Use","66,690",5.0,Dell,16.0,512.0,Unknown,Intel
"Lenovo LOQ Essential AMD Ryzen 7 7735HS | NVIDIA RTX 4050 6GB (16GB RAM/512GB SSD/144Hz Refresh Rate/15.6"" (39.6cm)/Windows 11/Office Home 2024/3 Mon. Game Pass/Grey/1.8Kg), 83S0009TIN Gaming Laptop","1,32,990",4.0,Lenovo,6.0,512.0,Grey,AMD
"HP 15, AMD Ryzen 5 7520U (8GB LPDDR5, 512GB SSD) FHD, Anti-Glare, Micro-Edge, 15.6''/39.6cm, Win11, M365 Basic(1yr), Offic24, Silver,1.59kg, fc0805AU, FHD Camera w/Privacy Shutter, Backlit Laptop","54,990",3.0,Hp,8.0,512.0,Silver,AMD
"Lenovo V14 Intel Core i3 13th Gen 14"" FHD (1920x1080) Antiglare 250 Nits Thin and Light Laptop (16GB RAM/512GB SSD/Windows 11 Home/Office Home 2024/Iron Grey/1.43 kg), 83A0A0PCIN","70,990",3.6,Lenovo,16.0,512.0,Grey,Intel
"Lenovo IdeaPad Slim 1, AMD Ryzen 5 5500U, 16GB RAM, 512GB SSD, HD, 15.6"", Windows 11 Home, MS Office 21, Cloud Grey, 1.61Kg, 82R400ERIN, Integrated AMD Graphics, 1Yr ADP Free, Thin and Light Laptop","61,200",4.2,Lenovo,16.0,512.0,Grey,AMD
"HP 15, Intel Core 5-120U (8GB DDR4, 512GB SSD) FHD, Anti-Glare, Micro-Edge, 15.6''/39.6cm, Win11, M365 Basic(1yr), Office Home24, Silver,1.59kg, fd0651TU, FHD Camera w/Privacy Shutter, Backlit Laptop","66,798",4.7,Hp,8.0,512.0,Silver,Intel
"Lenovo 15 (2026), Intel Core i7 13th Gen 13620H - (16 GB DDR5/512 GB SSD/Intel Iris Xe Graphics/Windows 11 Pro) Thin and Light Business Laptop/15.6"" FHD Display/Luna Grey/Copilot Key/1.5 kg/MSO 2024","79,579.",4.0,Lenovo,5.0,512.0,Grey,Intel
"Acer Aspire Lite Intel Core i3/Core 3 14th Gen-100U Processor, Office 2024 + M365 Basic, 8GB RAM/256GB SSD, 15.6""/39.62 cm, FHD IPS Display,Win11Home, Steel Grey, 1.59Kg, AL15-53, Thin & Light Laptop","48,990",4.0,Acer,8.0,256.0,Grey,Intel
"Lenovo IdeaPad Slim 3 13th Gen Core i7-13620H 15.3"" (38.8cm) WUXGA IPS Laptop (16GB RAM/512GB SSD/Win 11/Office 2024/Backlit/1Yr ADP Free/Top Metal Cover & IR Camera/Grey/1.6Kg),83K1011BIN","82,880",3.8,Lenovo,16.0,512.0,Grey,Unknown
"Acer Aspire 3, AMD Ryzen 3-5400U, 8GB RAM/512GB SSD, 15.6""/39.62 cm, Full HD IPS Display, Windows 11 Home, AMD Radeon Graphics, Steel Gray, 1.79 KG, A325-42, Premium Thin and Light Laptop","42,032",1.0,Acer,8.0,512.0,Gray,AMD
"HP 15 (2025), AMD Athlon 7120U Dual Core - (8 GB/256 GB SSD/AMD Radeon Graphics/Windows 11 Home) Thin and Light Business Laptop/15.6"" HD Display/Black/1.5 kg/MS Office 2021","42,999",3.8,Hp,8.0,256.0,Black,AMD
"ASUS ROG Strix G16,Intel Core Ultra 9 275HX,Gaming Laptop(RTX 5070-8GB/115W TGP/32GB/1TB /2.5K QHD+/16""/240Hz/90WHrs/Windows 11/M365 Basic(1Year)*/Office Home 2024/Eclipse Gray/2.65 Kg)G615LP-S5022WS","2,49,990",3.7,Asus,8.0,512.0,Gray,Intel
"HP OmniBook 5 OLED (Previously Pavilion), Snapdragon X Processor 45 Tops (16GB LPDDR5x, 512GB SSD), 2K 14''/35.6cm, Win11, Office24, Silver, 1.29kg, he0014QU, Multi-Day Battery, AI Laptop","79,990",4.1,Hp,16.0,512.0,Silver,Snapdragon
"Lenovo IdeaPad Slim 3 13th Gen Intel Core i5-13420H 15.3 inch (38.8cm) WUXGA IPS Laptop (16GB RAM/512GB SSD/Windows 11/Office 2024/Top Metal Cover/Backlit KB/Luna Grey/1.6Kg), 83K101JEIN","84,990",2.8,Lenovo,16.0,512.0,Grey,Intel
Tech IT 𝗟𝗲𝗻𝗼𝘃𝗼Model 81N3 𝗔𝗠𝗗A6 REDEON | 4GB RAM/128GB SSD | 14″ FHD Display | A+ Condition Laptop (Refab),"24,900",4.0,Tech,4.0,128.0,Unknown,Unknown
"HP Pavilion Plus, Intel Core i5-1335U-13th Gen Laptop, (16GB LPDDR5x,512GB SSD),IPS, 300 nits, 14''(35.6cm) 2K,Win 11, M365 Basic(1yr), Office Home 24, Silver,1.38kg, 5MP Camera w/Shutter, ew0107TU","63,990",3.6,Hp,16.0,512.0,Silver,Intel
"ASUS ROG Strix G16, AMD Ryzen 9 8940HX, Gaming Laptop(RTX 5060-8GB/115W TGP/16GB/1TB /2.5K QHD+/16""/240Hz/90WHrs/Windows 11/M365 Basic (1Year)*/Office Home 2024/Eclipse Gray/2.5 Kg) G614PM-S5046WS","1,84,990",4.4,Asus,8.0,512.0,Gray,AMD
"Lenovo ThinkPad E16 G2 16-inch (40.64 CM) Laptop, AMD Ryzen 7 7735HS (8-Core), 16GB DDR5 RAM, 512GB NVMe SSD, FHD+ IPS Display, Radeon 680M, Wi-Fi 6, Fingerprint Reader, Windows 11 Pro, MS-Office 2024","91,700",3.3,Lenovo,16.0,512.0,Unknown,AMD
"Lenovo V15 G4 AMD Ryzen 5 7520U DOS 15.6 inch FHD Thin & Lite Laptop, AMD Graphics, 16GB DDR5 5500Mhz Ram, 512GB SSD,Dolby Audio,Premium Grey, 1 Year Onsite Brand Warranty","57,250",3.9,Lenovo,16.0,512.0,Grey,AMD
"Dell 15 Laptop DC15250-15.6-inch FHD 120Hz Display, 13th Gen Intel Core i7-1355U, 16GB DDR4 RAM, 512GB SSD, Intel UHD Graphics, Windows 11 Home, Onsite Service - Platinum Silver","85,890",4.5,Dell,16.0,512.0,Silver,Intel
"Lenovo IdeaPad Slim 3 13th Gen Intel Core i5-13420H 15.3 inch (38.8cm) WUXGA IPS Laptop (16GB RAM/512GB SSD/Windows 11/Office 2024/Top Metal Cover/Backlit KB/Cosmic Blue/1.6Kg), 83K1016PIN","84,990",3.8,Lenovo,16.0,512.0,Blue,Intel
"Acer SmartChoice Aspire Lite, AMD Ryzen 5-5625U Processor, 16 GB/512 GB, Full HD, 15.6""/39.62 cm, Windows 11 Home, Steel Gray, 1.59 kg, AL15-41, Metal Body, Thin and Light Laptop","59,990",4.1,Acer,8.0,512.0,Gray,AMD
"Lenovo V15 Intel Core i5 13th Gen 15.6"" (39.62 cm) FHD (1920x1080) Antiglare 250 Nits Thin and Light Laptop (8GB RAM/512GB SSD/Windows 11 Home/Iron Grey/1Y Onsite +1Y ADP/1.65 kg), 83CC000EIN","59,800",4.0,Lenovo,8.0,512.0,Grey,Intel
"HP Omen, Intel Core i7-14650HX 14th Gen, 8GB RTX 5050, 24GB DDR5(Upgradeable) 1TB SSD, 165Hz, 2k WUXGA, 3ms, 400 nits, 16''/40.6cm, Win11, M365* Office24, Black, 2.43kg, am0241TX, RGB Gaming Laptop","1,49,990",4.2,Hp,8.0,1024.0,Black,Intel
"Lenovo Legion Pro 7 2025 Intel Core Ultra 9 275HX | NVIDIA RTX 5090 24GB (64GB RAM/1TB SSD/WQXGA OLED/240Hz/16 (40.6cm)/Windows 11/Office 2024+AI Now/Black/2.5Kg), 83F500D8IN AI Powered Gaming Laptop","4,82,490",5.0,Lenovo,24.0,1024.0,Black,Intel
"HP Professional 14 (2026) Thin & Light Laptop – Intel Core 5-120U, 16GB RAM, 512GB SSD, 14"" FHD Display, Windows 11 Pro, Backlit Keyboard, Fingerprint Sensor, MSO 2024, Turbo Silver, 1.4 Kg","68,480",5.0,Hp,16.0,512.0,Silver,Intel
"HP Victus, 13th Gen Intel Core i5-13420H, 6GB RTX 3050, 16GB DDR4(Upgradeable) 512GB SSD, FHD, 144Hz, 300 nits, IPS, 15.6''/39.6cm, Win11, M365* Office24, Mica Silver, 2.3kg, fa2700TX, Gaming Laptop","99,990",4.0,Hp,6.0,512.0,Silver,Intel
"HP 255 Notebook, AMD Athlon Silver 7120U,8GB DDR4, 256GB SSD, 15.6-inch(39.6cm), Anti-Glare, HD Laptop, Radeon Graphics, (Win 11, Silver,1.52kg) G10","43,950",4.0,Hp,8.0,256.0,Silver,AMD
"Acer Aspire 3 Intel Core i5-1334U Processor, 8GB RAM/512GB SSD, 39.62 cm(15.6"") FHD LED-Backlit IPS Display, Win11Home, Pure Silver, 1.7Kg, A325-53, Thin & Light Laptop","54,650",3.8,Acer,8.0,512.0,Silver,Intel
"HP Professional 15 (2026), Intel (i3 14th Gen) Core 3 100U - (8 GB DDR5/512 GB SSD/Intel UHD Graphics/Windows 11 Pro) Thin & Light Business Laptop/15.6"" Display/Silver/Copilot Key/1.5kg/MS Office 2024","50,031",4.0,Hp,5.0,512.0,Silver,Intel
"Apple 2026 MacBook Pro Laptop with M5 Pro chip with 18‑core CPU and 20‑core GPU: Built for AI, 41.05 cm (16.2″) Liquid Retina XDR Display, 24GB Unified Memory, 1TB SSD Storage; Silver","3,42,490",4.5,Apple,24.0,1024.0,Silver,Unknown
"HP Victus Gaming Laptop, Intel Core 5 210H, 4GB RTX 3050 A (24GB DDR5, 512GB SSD) FHD, 144Hz, 300 nits, IPS, 15.6''/39.6 cm, Win11, M365* Office24, Mica Silver, 2.29kg, fa2500TX, Backlit,","89,990",5.0,Hp,4.0,512.0,Silver,Intel
"HP Omen, AMD Ryzen AI 7 350, 8GB RTX 5050, 24GB DDR5(Upgradeable) 1TB SSD, 165Hz, 2k WUXGA, 3ms, 400 nits, 16'(40.6cm) Win11, M365* Office24, Black, 2.44kg, ap0165AX, RGB, AI Gaming Laptop","1,36,990",4.4,Hp,8.0,1024.0,Black,AMD
"HP OmniBook Ultra Flip (Previously Spectre) Intel Core Ultra 7 256V 47 Tops (16GB LPDDR5X, 1TB SSD) OLED, 500 nits,14''/35.6cm, Touch 2-in-1, Win11, Office21, Gray,1.34kg, fh0026TU Next Gen AI Laptop","1,86,990",4.0,Hp,16.0,1024.0,Gray,Intel
HP Ultra 7 255H / 32 GB DDR5 RAM/ 1 TB SSD/Windows 11 Pro/5 MP IR AI Camera/ 16.0 inch AG WUXGA/Intel® Wi-Fi 7 BE201 (2x2) and Bluetooth 5.4 /Fingerprint Reader (C1JQ1PT),"2,34,454",4.0,Hp,5.0,1024.0,Unknown,Intel
"Lenovo 15 (2026), AMD Ryzen 5 Quad Core 7520U - (16 GB LPDDR5/512 GB SSD/AMD Radeon 610M Graphics/Windows 11 Pro) Thin and Light Business Laptop/15.6"" FHD Display/Arctic Grey/1.5 kg/MSO 2024","57,990",4.0,Lenovo,5.0,512.0,Grey,AMD
"HP Smartchoice Victus, AMD Ryzen 7 7445HS, 6GB RTX 3050, 16GB DDR5(Upgradeable) 512GB SSD, 144Hz, 300 nits, 15.6''/39.6cm, Win 11, Office 24, Blue, 2.29kg, fb3134/20ax, Xbox Gamepass*, Gaming Laptop",Unknown,4.2,Hp,6.0,512.0,Blue,AMD
"Lenovo IdeaPad Pro 5 AMD Ryzen 7 8845HS 16"" (40.64cm) 2K-OLED 400Nits 120Hz Laptop (16GB/1TB SSD/NVDIA RTX 4050 6GB/Win11/100% DCI-P3/Office 2021/Alexa/3 Month Game Pass/Grey/1.91Kg), 83D5000SIN","1,69,890",3.6,Lenovo,16.0,1024.0,Grey,AMD
"HP 15 (2025), Intel Core i5 13th Gen 1334U - (32 GB/512 GB SSD/Intel Iris Xe Graphics/Windows 11 Pro) Thin and Light Business Laptop/15.6"" FHD Display/Fingerprint Reader/Ash Grey/1.5 kg/MS Office 2021","85,000",5.0,Hp,16.0,512.0,Grey,Intel
"DELL Inspiron 5440 (2025) Intel Core i3 13th Gen 1305U - (16 GB/512 GB SSD/Windows 11 Home) Inspiron 5440 Thin and Light Laptop (14 inch, Ice Blue, 1.5 kg, with MS Office)","62,350",3.8,Dell,16.0,512.0,Blue,Intel
"HP 15 255R G10, AMD Ryzen 5 7535U Hexa Core (6 Core, 12 Threads, 2.9 to Max 4.3 Ghz) (8 GB/512 GB SSD/AMD Radeon Graphics/dos) Thin and Light Laptop(15.6 inch HD Display, Matt Silver, 1.45","53,280",4.1,Hp,16.0,512.0,Silver,AMD
"Dell 15 AI Powered Laptop, Intel Core Ultra 5 225U Processor, 16GB:512GB, 15.6"" (39.62cm) FHD 300nits Display, (Dell 15), Backlit Keyboard with AI Copilot Hotkey, Win 11 + MSO'24, 1.66kg Thin & Light","81,490",5.0,Dell,16.0,512.0,Unknown,Intel
"Lenovo 14 (2025), Intel Core i5 13th Gen 13420H - (16 GB/512 GB SSD/Intel UHD Graphics/Windows 11) Thin and Light Business Laptop/14.0"" FHD Display/Iron Grey/1.4 kg/Microsoft Office 2021","68,700",3.8,Lenovo,32.0,512.0,Grey,Intel
"Alienware 16X Aurora Gaming Laptop, AI Enabled Intel Core Ultra9 HX Processor, 32GB DDR5, 1TB SSD, NVIDIA GeForce RTX 5070, 8GB GDDR7, 16"" QHD+ 240Hz Display, Backlit KB, Interstellar Indigo, 2.66kg","3,19,990",4.0,Alienware,32.0,1024.0,Indigo,Intel
"Alienware 16 Aurora, Intel Core 7 14th Gen-240H, NVIDIA RTX 5060-8GB, 16GB DDR5, 1TB SSD, WQXGA, 16""/40.64cm, 120Hz, Windows11, MSO-24, Interstellar Indigo, 2.57Kg, Cryo Chamber Cooling, Gaming Laptop","1,56,555",4.2,Alienware,8.0,1024.0,Indigo,Intel
"Alienware 16 Aurora Gaming Laptop, Intel Core 7 240H Processor, 16GB DDR5, 1TB SSD, RTX 5050 8GB GDDR7, 16.0"" 2.5k, 300 nits Display, Keyboard with 101 Key Backlight, Interstellar Indigo, 2.57kg","1,54,700",4.0,Alienware,16.0,1024.0,Indigo,Intel
"HP 15, 13th Gen Intel Core i5-1334U Laptop (8GB DDR4,1TB SSD) Anti-Glare, Micro-Edge,15.6''/39.6cm, FHD, Win11, M365 Basic(1yr),Office Home24, Silver,1.59kg, FHD Camera w/Shutter, fd0549TU","63,990",4.0,Hp,8.0,1024.0,Silver,Intel
"Dell 15 (Previously Inspiron), Intel Core i7 13th Gen -1355U, 16GB, 512GB SSD, FHD, 15.6""/39.62cm, Win 11, MSO'24, Silver, 1.62kg, [Dell 15], Backlit Keyboard, 12 Month McAfee, Thin & Light Laptop","82,990",3.7,Dell,16.0,512.0,Silver,Intel
"Dell 15 AI Powered Laptop, Intel Core Ultra 5 225H, 8GB DDR5 RAM, 512GB SSD, 15.6"" FHD Anti-Glare Display, Intel Arc Graphics, Standard Keyboard, Dedicated Copilot Key, Black, Win11 Home + MSO H&S'24","73,490",2.5,Dell,8.0,512.0,Black,Intel
"Lenovo V15 G4 (2024), AMD Ryzen 3 7320U Quad Core - (8GB/512GB SSD/AMD Radeon Graphics/Windows 11 Home) Thin and Light Business Laptop/15.6"" FHD Display/Arctic Grey/1.57 kg/MS Office 2021","49,400",4.0,Lenovo,8.0,512.0,Grey,AMD
"Dell 15 (Previously Inspiron), Intel 14th Gen Core i3 / Core 3 100U, 16GB, 512GB SSD, FHD, 15.6"", Win 11, MSO'24, Carbon Black, 1.63Kg, [Dell 15], FHD 120Hz IPS 250 nit Display, Thin & Light Laptop","58,990",3.8,Dell,16.0,512.0,Black,Intel
"Dell 15, Smart Choice, AMD Ryzen 7-7730U, 16GB, 512GB SSD, FHD, 15.6""/39.6cm, Windows 11, Microsoft Office Home 2024, Silver, 1.63Kg, [Dell 15], 120Hz 250nits, AMD Radeon Graphics, Thin & Light Laptop","59,990",3.4,Dell,16.0,512.0,Silver,AMD
"Lenovo Yoga Slim 7 Aura Edition Intel Evo Core Ultra 5 226V (16GB RAM/1TB SSD/14 (35.5cm)/WUXGA OLED/Copilot+ PC/Windows 11/Office Home 2024/1Yr ADP Free/Grey/1.19Kg), 83JX005FIN AI Laptop","1,26,790",4.5,Lenovo,16.0,1024.0,Grey,Intel
"Lenovo 14 (2025), Intel Core i3 13th Gen 1315U - (8 GB/512 GB SSD/Intel UHD Graphics/Windows 11 Home) Thin and Light Business Laptop/14.0"" FHD Display/Iron Grey/1.4 kg/MSO 2021","52,999",4.0,Lenovo,16.0,512.0,Grey,Intel
"HP 15, AMD Ryzen 5 7520U, 16GB DDR5, 512GB SSD, (Win 11, Office 21, Silver, 1.59kg), Anti-Glare, Micro-Edge, 15.6-inch(39.6cm), FHD Laptop, AMD Radeon Graphics, 1080p FHD Camera, Backlit KB, fc0690au","55,780",4.0,Hp,16.0,512.0,Silver,AMD
"ASUS ProArt PX13 (2026),AMD Ryzen AI MAX+ 395,AMD Radeon 8060S iGPU,128GB RAM,1TB SSD,3K OLED,13.3""(33.7 cm),Win 11,M365 Basic(1Y)* Office 2024,Nano Black,1.39 Kg,HN7306EAC-LX052WS,AI Creator Laptop","3,34,990",4.3,Asus,128.0,1024.0,Black,AMD
"Lenovo Legion 7 Intel Core i9-12900HX 16"" (40.64cm) QHD IPS 165Hz 500Nits Gaming Laptop (32GB/1TB SSD/Win 11/Office 2021/NVIDIA RTX 3080Ti 16GB/Alexa/3 Month Game Pass/Storm Grey/2.53Kg), 82TD009KIN","2,90,000",5.0,Lenovo,32.0,1024.0,Grey,Intel
"Alienware 16 Area-51, Intel Core Ultra 9-275HX, RTX 5090-24GB, 64GB DDR5, 2TB SSD, WQXGA, 16.0""/40.64cm, 240Hz, Win 11, MSO 2024, Liquid Teal, 3.4kg, AI Enabled, 500 nits, AI PC","5,31,490",4.5,Alienware,24.0,2048.0,Unknown,Intel
"HP Professional 14 (2025), Intel Core i5 13th Gen 1334U - (16 GB/512 GB SSD/Intel Iris Xe Graphic/Windows 11 Home) Thin and Light Business Laptop/14.0"" FHD/Backlit + Fingerprint/Silver/1.4 Kg/MSO 2021","68,990",5.0,Hp,16.0,512.0,Silver,Intel
HP OmniBook 5 OLED ● Intel Core Ultra 7 355 ● 49 Tops ● 16GB LPDDR5x ●1TB SSD ● 2K● 14''/35.6cm● Win11● Office24● Meteor Silver● 1.33kg● hh0030TU● mini GaN Charger● Upto 32hrs battery life ● AI Laptop,"1,42,990",4.0,Hp,16.0,1024.0,Silver,Intel
"ASUS ProArt PZ14 (2026),Snapdragon® X2 Elite,Qualcomm Adreno iGPU,32GB/1TB,3K OLED,Touchscreen,14""(35.5 cm),144Hz,Win 11,M365 Basic(1Y),Office 24,Black,0.79 Kg,HT7407NA-SN024WS,Creator/Gaming Laptop","2,69,990",4.0,Asus,32.0,512.0,Black,Snapdragon
"Dell 15 AI Powered Laptop, Intel Core Ultra 5 225H, 8GB DDR5 RAM, 512GB SSD, 15.6"" FHD Anti-Glare Display, Intel Arc Graphics, Backlit Keyboard, Dedicated Copilot Key, Silver, Win11 Home + MSO H&S'24","75,990",3.1,Dell,8.0,512.0,Silver,Intel
"Acer AspireGo14, Intel Core Ultra5 125H AI Processor,Office 2024 + M365 Basic, 16 GB RAM, 512 GB SSD, WUXGA IPS, 14.0""/35.56 cm, Win 11 Home, Steel Gray, 1.5 kg, AG14-71M, Backlit KB, Premium Laptop","69,990",3.9,Acer,36.0,512.0,Gray,Intel
"Apple 2026 MacBook Pro Laptop with M5 Max chip with 18‑core CPU and 32‑core GPU: Built for AI, 35.97 cm (14.2″) Liquid Retina XDR Display, 36GB Unified Memory, 2TB SSD Storage; Space Black","4,64,490",5.0,Apple,36.0,2048.0,Black,Unknown
"Acer Aspire Lite, AMD Ryzen 3-5400U, Office 2024 + M365 Basic, 8GB RAM/512GB SSD, Full HD IPS, 15.6""/39.62 cm, Windows 11 Home, Steel Gray, 1.59 KG, AL15-41, Metal Body, Premium Thin and Light Laptop","44,990",1.0,Acer,8.0,512.0,Gray,AMD
"Lenovo LOQ 2025 Intel Core i7-13645HX| NVIDIA RTX 5050 8GB (16GB RAM/1TB SSD/144Hz Refresh Rate/440 AI TOPS/15.6"" (39.6cm)/Windows 11/Office 2024/3 Mon.Game Pass/Grey/2.4Kg), 83JE019XIN","1,76,990",4.1,Lenovo,8.0,1024.0,Grey,Intel
"Apple 2026 MacBook Air 13″ Laptop with M5 chip: AI and Apple Intelligence, 34.46 cm (13.6″) Liquid Retina Display, 24GB Unified Memory, 1TB SSD Storage, 12MP Center Stage Camera, Touch ID; Sky Blue","1,94,990",4.8,Apple,24.0,1024.0,Blue,Unknown
"Lenovo Yoga Slim 7 AI Laptop PC 2025 Aura Edition, Intel Core Ultra 7 258V, 32GB RAM, 1TB SSD, OLED, Copilot AI Now, 47 Tops, 14""/35.5cm, Win 11, Office 24,Grey, 1.2 Kg, 83JX001MIN, AI Laptop","1,55,990",3.7,Lenovo,32.0,1024.0,Grey,Intel
"HP 15, Intel Ultra 5 125H, 12 Tops (32GB DDR5, 1TB SSD) FHD, IPS, 15.6''/39.6cm, Win11, M365 Basic(1yr)*Office24, Silver, 1.65kg, fd1279TU, Intel Arc Graphics, FHD Camera, Backlit, AI Powered Laptop",Unknown,3.6,Hp,32.0,1024.0,Silver,Intel
"Lenovo IdeaPad Slim 3, 13th Gen Intel Core i5-13420H, 16GB RAM, 512GB SSD, WUXGA IPS, 14""/36.8cm, Windows 11, Office Home 2024, Grey, 1.4Kg, Backlit Keyboard, 1Yr ADP Free, 83K00034IN, Laptop","78,100",4.5,Lenovo,16.0,512.0,Grey,Intel
"Apple 2026 MacBook Pro Laptop with M5 Max chip with 18‑core CPU and 32‑core GPU: Built for AI, 41.05 cm (16.2″) Liquid Retina XDR Display, 36GB Unified Memory, 2TB SSD Storage; Space Black","5,13,990",2.4,Apple,36.0,2048.0,Black,Unknown
"Acer Aspire 3 Intel Core i5-1334U Processor,Office 2024 + M365 Basic, (8GB DDR4 RAM/500 GB SSD) with 39.62 cm (15.6"") FHD LED-Backlit IPS Display/Win 11Home,A325-53, Pure Silver, 1.7KG","52,990",2.8,Acer,8.0,500.0,Silver,Intel
"Lenovo IdeaPad Slim 3 13th Gen Core i7-13620H 15.3 inch (38.8cm) WUXGA IPS Laptop (16GB RAM/512GB SSD/Windows 11/MSO 365 Basic+Office 2024/1Yr ADP Free/Grey/1.6Kg), 83K100S1IN","81,700",4.0,Lenovo,16.0,512.0,Grey,Unknown
"Acer ALG, Intel Core5-210H Processor, NVIDIA GeForceRTX 3050-4GB DDR6, Office 2024 + M365 Basic,16GB RAM/512GB SSD, FHD 15.6"", 144Hz, Win 11 Home, Titanium Gray, 1.99 KG, AL15G-53, Gaming Laptop","81,990",4.0,Acer,4.0,512.0,Gray,Intel
"HP ProBook 440 14 inch G10 Notebook PC, 14"", Windows 11 Pro, Intel® Core™ i5, 16GB RAM, 512GB SSD, FHD(B15JRAT)","93,990",5.0,Hp,16.0,512.0,Unknown,Intel
"𝗟𝗲𝗻𝗼𝘃𝗼Model E495 𝗔𝗠𝗗𝗥𝗬𝗭𝗘𝗡 𝟱 |8GB DDR4 RAM |256GB SSD |14"" FHD Display | Win10 | A+ Condition Laptop (Refab)","27,000",4.0,Unknown,8.0,256.0,Unknown,Unknown
"Lenovo Legion Pro 5 2025 Intel Core i7-14650HX| NVIDIA RTX 5060 8GB (32GB RAM/1TB SSD/WQXGA IPS/240Hz/16(40.64cm)/Windows 11/Office 2024+AI Now/Black/2.4Kg), 83NN0046IN AI Powered Gaming Laptop","2,31,490",4.0,Lenovo,8.0,1024.0,Black,Intel
"Apple 2026 MacBook Air 15″ Laptop with M5 chip: AI and Apple Intelligence, 38.91 cm (15.3″) Liquid Retina Display, 16GB Unified Memory, 1TB SSD Storage, 12MP Center Stage Camera, Touch ID; Silver","2,00,490",4.7,Apple,16.0,1024.0,Silver,Unknown
"MSI GL63 8RE-455IN 2018 15.6-inch Laptop (Core i7-8750H/16GB/128GBSSD+1TB/Windows 10/6GB Graphics), Black","1,24,990",4.2,Msi,16.0,128.0,Black,Unknown
"HP Professional 15 (2026), Intel (i5 14th Gen) Core 5 120U - (8 GB/512 GB SSD/Intel Iris Xe Graphics/Windows 11 Pro) Business Laptop/15.6"" FHD/Backlit + Fingerprint/Silver/Copilot Key/1.5kg/MSO 2024","61,500",3.2,Hp,8.0,512.0,Silver,Intel
"𝗗𝗲𝗹𝗹Laptop Model 5440 | 𝗜𝗡𝗧𝗘𝗟i5 4th Gen Processor |8GB DDR3 RAM |256GB SSD |14"" FHD Display | Win10 | A+ Condition Laptop (Refab)","26,000",4.0,Unknown,8.0,256.0,Unknown,Unknown
"ASUS ROG Strix G16, Intel Core Ultra 9 275HX, Gaming Laptop(RTX 5060-8GB/115W TGP/16GB/1TB /2.5K QHD+/16""/240Hz/90WHrs/Windows 11/M365 Basic (1Year)*/Office Home 2024/Eclipse Gray/) G615LM-S5128WS","2,00,042",4.1,Asus,8.0,512.0,Gray,Intel
"HP 15 (2025), Intel Core i3 13th Gen 1315U - (32 GB/512 GB SSD/Intel UHD Graphics/Windows 11 Home) Thin and Light Business Laptop/15.6"" HD Display/Ash Grey/1.5 kg/MS Office 2021","69,900",4.0,Hp,8.0,512.0,Grey,Intel
Lenovo V15 G3 IAP Laptop RYZEN 3-7320u / 8GB DDR4 / 512 GB SSD PCIe / 15.60 FHD TN Display/Windows 11/Ms-Office/Silver (Grey) / 1 Year Onsite Warranty,"48,999",2.9,Lenovo,8.0,512.0,Silver,Unknown
"HP 15, 13th Gen Intel Core i3-1315uLaptop 8GB DDR4,512GB SSD Anti-Glare, Micro-Edge,15.6''/39.6cm, FHD, Win11,M365 Basic(1yr),Office Home24, Silver,1.59kg, FHD Camera w/Privacy Shutter, fd0569TU","55,100",3.8,Hp,8.0,512.0,Silver,Intel
"HP Business 250R G10 (2025) Thin & Light Laptop with Intel Core 3 14th Gen 100U, 16GB RAM, 512GB SSD, 15.6″ IPS Display, Copilot Key, Windows 11 Pro & MS Office 2024, Turbo Silver (1.5 kg)","62,500",1.0,Hp,16.0,512.0,Silver,Intel
"HP ZBook Studio 12th Gen Intel Core i7-12700H 16inch(40.6 cm) WQUXGA Display Creator Laptop 500 nits/16GB RAM/1TB SSD/NVIDIA GeForce RTX 3070 Ti Graphics/Win 11/MSO/B&O/FPR, G9 Workstation PC","2,55,990",4.0,Hp,16.0,1024.0,Unknown,Intel
"ASUS Vivobook 15, Smartchoice, AMD Ryzen 7 5825U, 16GB RAM, 512GB SSD, FHD 15.6"", Windows 11, Office Home 2024, Quiet Blue, 1.7Kg, M1502YA-BQ703WS, AMD Radeon iGPU, M365 Basic (1Year)*, 42Whr Laptop","71,990",4.1,Asus,16.0,512.0,Blue,AMD
NEW Microsoft Surface Laptop (7th Edition) - Windows 11 Home Copilot + PC - 13.8” LCD PixelSense Touchscreen - Qualcomm Snapdragon X Elite (12 Core) - 16GB RAM - 1TB SSD - Graphite - ZXX-00059,"1,70,999",5.0,New,16.0,1024.0,Unknown,Snapdragon
HP 15 (2025) AMD Ryzen 3 7335U Quad Core Laptop 16GB DDR5 512GB SSD AMD Radeon Graphics Windows 11 Pro MS Office 2024 Copilot Key AI PC 15.6-inch FHD Thin & Light 1.5kg Turbo Silver,"57,880",4.0,Hp,16.0,512.0,Silver,AMD
"DELL 14 (2025) Intel Core i3 10th Gen 1305U - (4 GB/512 GB SSD/Intel UHD Graphics/Windows 11 Pro) Thin and Light Business Laptop/14.0"" FHD+ IPS Display/Ice Blue/1.4 kg/MSO 2021/1 Year ADP Warranty","54,891",3.8,Dell,8.0,512.0,Blue,Intel
"Lenovo Legion 5 2025 AMD Ryzen 7 260 | NVIDIA RTX 5060 8GB (16GB RAM/1TB SSD/WUXGA IPS/165Hz/15(39.6cm)/Windows 11/Office 2024+AI Now/Black/2.5Kg), 83M00074IN AI Powered Gaming Laptop","1,85,490",3.5,Lenovo,8.0,1024.0,Black,AMD
"HP Professional 14 (2026) – Intel Core 5 120U (14th Gen), 16GB RAM, 512GB SSD, Windows 11 Pro, MSO 2024, Copilot Key, Fingerprint Reader, Intel Iris Xe Graphics, 14″ FHD Display, 1.53Kg – Turbo Silver","68,480",3.8,Hp,16.0,512.0,Silver,Intel
"Samsung Galaxy Book 4 15.6"" Full HD | Intel Core i5 1335U | 16GB RAM | 512GB SSD | Silver","69,990",4.4,Samsung,16.0,512.0,Silver,Intel
"Acer TravelLite Thin Laptop AMD Ryzen 5 7430U |16GB RAM, 512GB SSD | 14"" Full HD Anti-Glare Display |Privacy Shutter| Windows 11 & MS-Office 2021 | Metal Body | 1.34Kg | Black | 30 Months Warranty","53,999",3.7,Acer,16.0,512.0,Black,AMD
"Lenovo V15 G4 Laptop, AMD Athlon Silver 7120U, 8GB LPDDR5 RAM, 512GB PCIe SSD, 15.6"" FHD Display, Radeon 610M Graphics, Windows 11, MS Office 2021 Lifetime, Silver, 1.65 kg","45,999",3.9,Lenovo,8.0,256.0,Silver,AMD
𝗗𝗲𝗹𝗹Laptop Model E7270 Laptop | InteI Core i5 6th Gen | 8GB RAM | 256GB SSD | 14” FHD Display | Win 10 | Business Laptop | Seller Warranty | A+ Condition (Refab),"26,000",4.0,Unknown,8.0,256.0,Unknown,Unknown
"Lenovo IdeaPad Slim 3 13th Gen Core i5-13420H 15.3 inch (38.8cm) WUXGA IPS Laptop (16GB RAM/512GB SSD/Windows 11/Office Home 2024/Backlit Keyboard/1Yr ADP Free/3 Mon. Game Pass/Grey/1.6Kg), 83K100C6IN","72,365",4.0,Lenovo,16.0,512.0,Grey,Unknown
"HP Professional 14 (2026), Intel (i5 14th Gen) Core 5 120U - (16 GB/512 GB SSD/Intel Iris Xe Graphic/Windows 11 Home) Business Laptop/14.0"" FHD/Backlit + FingerPrint/Silver/Copilot Key/1.4kg/MS Office","68,390",3.6,Hp,8.0,512.0,Silver,Intel
"Acer Aspire Lite (2026) AMD Ryzen 3 Quad Core 5300U - (8 GB/512 GB SSD/AMD Radeon Graphics/Windows 11 Home) AL15-41 Thin and Light Laptop (15.6 Inch FHD IPS, Steel Grey, 1.5 Kg/MS Office 2024","44,680",2.9,Acer,8.0,512.0,Grey,AMD
"HP Omen, Intel Core Ultra 7 255H, 8GB RTX 5060, 24GB DDR5(Upgradeable) 1TB SSD, 2K, 165Hz, 3ms Response time, IPS, 16''/40.6cm, Win11, M365*Office24, Shadow Black, 2.43kg, am0238tx, RGB Gaming Laptop","1,82,990",3.6,Hp,8.0,1024.0,Black,Intel
"Lenovo IdeaPad 5 2-in-1 Intel Core Ultra 5 225H (16GB RAM/512GB SSD/14 (35.5cm)/WUXGA IPS/Windows 11/MS) 365 Basic+Office 2024/Lenovo Digital Pen 2/1Yr ADP/Grey/1.6Kg, 83KR0076IN Convertible Laptop","94,990",2.0,Lenovo,16.0,512.0,Grey,Intel
"Lenovo LOQ Intel Core i7-14700HX 15.6"" (39.6cm) 144Hz 300Nits FHD Gaming Laptop (16GB/1TB SSD/Win 11/NVIDIA GeForce RTX 4060 8GB Graphics/100% sRGB/Office 21/1Yr ADP Free/Grey/2.4Kg), 83DV00BEIN","1,75,000",3.9,Lenovo,16.0,1024.0,Grey,Intel
"Acer Aspire Lite, AMD Ryzen 5-5625U, Office 2024 + M365 Basic, 16GB, 512GB, FHD 15.6""/39.62 cm, Windows 11 Home, Steel Gray, 1.59 KG, AL15-41, Premium Thin and Light Laptop","59,990",4.2,Acer,16.0,512.0,Gray,AMD
"Lenovo IdeaPad Slim 3 12th Gen Intel Core i5-12450H 15.6 Inch (39.6cm) FHD Thin & Light Laptop (16GB/512GB SSD/Windows 11/Office Home 2024/3months Game Pass/Arctic Grey/1.62Kg), 83ER00MCIN","70,849",4.4,Lenovo,16.0,512.0,Grey,Intel
"MSI Modern 15, Intel 13th Gen. i5-1335U, 40CM FHD 60Hz Laptop (16GB/512GB NVMe SSD/Windows 11 Home/Iris Xe Graphics/Classic Black/1.7Kg), B13M-289IN","51,990",3.8,Msi,16.0,1024.0,Black,Intel
"MSI Katana 15, Intel 14th Gen. i7-14650HX, 40CM QHD 165Hz Gaming Laptop (16GB/1TB NVMe SSD/Windows 11 Home/NVIDIA GeForce RTX 5060, GDDR7 8GB/Black/2.4Kg) B14WFK-262IN","1,59,990",3.6,Msi,16.0,1024.0,Black,Intel
"ASUS Zenbook S14 (2026),Smartchoice,Intel Core Ultra 9 (Series 3),Intel iGPU,32GB /1TB SSD,3K OLED,Touchscreen,14""(35.5 cm),Win 11,M365 Basic(1Y),Office 24, White,1.2 Kg,UX5406AA-SU189WS,Copilot+ PC","2,39,990",3.1,Asus,32.0,1024.0,White,Intel
"HP Victus, 13th Gen Intel Core i5-13420H, 4GB RTX 3050A, 16GB DDR4(Upgradeable) 1TB SSD, FHD, 144Hz, 300 nits, IPS, 15.6''/39.6cm, Win11, M365* Office24, Mica Silver, 2.3kg, fa2047TX, Gaming Laptop","91,289",3.4,Hp,4.0,1024.0,Silver,Intel
"Lenovo IdeaPad Slim 3 13th Gen Intel Core i3-1315U 14 inch (35.5cm) FHD Laptop (8GB RAM/512GB SSD/Windows 11/Office 2024/Alexa Built-in/1Yr ADP Free/3 Month Game Pass/Grey/1.37Kg), 82X6005KIN","59,950",5.0,Lenovo,8.0,512.0,Grey,Intel
"Acer Aspire Lite, AMD Ryzen 3 7330U Processor, 8 GB RAM, 512 GB SSD, Full HD, 15.6""/39.62cm, Windows 11 Home, Steel Gray, 1.6KG, AL15-41, Metal Body, Premium Thin and Light Laptop","46,590",3.9,Acer,24.0,512.0,Gray,AMD
"Apple 2026 MacBook Air 15″ Laptop with M5 chip: AI and Apple Intelligence, 38.91 cm (15.3″) Liquid Retina Display, 24GB Unified Memory, 1TB SSD Storage, 12MP Center Stage Camera, Touch ID; Midnight","2,22,990",5.0,Apple,24.0,1024.0,Unknown,Unknown
"Lenovo IdeaPad Slim 3, Intel Core i3 13th Gen 1315U, 8GB RAM, 512GB SSD, FHD 15.6""(39.6cm), Windows 11, Office 2024, Grey, 1.6Kg, 82X700G5IN, 1Yr ADP Free, 3 Month Game Pass Laptop","54,680",4.2,Lenovo,8.0,512.0,Grey,Intel
"HP Victus, Intel Core 7 240H, 8GB RTX 5050, 24GB DDR5(Upgradeable) 1TB SSD, FHD, 144Hz, 300 nits, IPS, 15.6''/39.6cm, Win11, M365* Office24, Mica Silver, 2.29kg, fa2409TX, RGB Backlit, Gaming Laptop","1,48,000",4.1,Hp,8.0,1024.0,Silver,Intel
"Lenovo IdeaPad Slim 5 Intel Core Ultra 7 355 Next-Gen AI PC (16GB RAM/512GB SSD/14 (35.5cm)/WUXGA OLED/Copilot+ PC/Windows 11/MSO 365 Basic+Office 2024/1Yr ADP Free/Grey/1.4Kg), 83S5005KIN","1,36,990",5.0,Lenovo,16.0,512.0,Grey,Intel
"Lenovo Legion 5 Intel Core i7-14650HX 16"" (40.64cm) WQXGA IPS 350Nits 165Hz Gaming Laptop (16GB/1TB SSD/Win 11/Office 2021/NVIDIA RTX 4070 8GB/100%sRGB/Alexa/3 Month Game Pass/Grey/2.3Kg), 83DG009DIN","2,19,990",4.8,Lenovo,16.0,1024.0,Grey,Intel
"Lenovo 15 (2026), AMD Ryzen 3 7320U Quad Core - (8 GB/512 GB SSD/AMD Radeon Graphics/Windows 11 Pro) Thin and Light Business Laptop/15.6"" FHD Display/Arctic Grey/1.6 kg/MS Office 2021","49,560",3.2,Lenovo,16.0,512.0,Grey,AMD
"MSI Pulse 17 AI, Intel Core Ultra 7 155H, Built-in AI, 43CM 16:10 QHD+ 240Hz Gaming Laptop(16GB/1TB NVMe SSD/Windows 11 Home/NVIDIA GeForce RTX 4070, /Core Black/2.8Kg), C1VGKG-031IN","1,74,990",3.9,Msi,16.0,512.0,Black,Intel
"Acer TravelLite TL04-41M 14.0"" FHD Thin and Light Laptop (AMD Ryzen 3 5400U / 16GB RAM / 512GB SSD/Windows 11 Home + MS Office Home & Student 2021 / Wi-Fi 6 / HD Webcam) Sleek Metal Body","49,999",4.0,Acer,16.0,512.0,Unknown,AMD
"ASUS Vivobook 15 (2025), 13th Gen,Intel Core i3-1315U, 8GB RAM, 512GB SSD, FHD, 15.6"", 39.6 cm, Windows 11 Home,M365 Basic(1 Year)* Office 2024,Cool Silver,1.7 Kg, X1504VA-D5321WS, Thin & Light Laptop","55,990",4.3,Asus,8.0,512.0,Silver,Intel
Microsoft New Surface Laptop (7th Edition) - Windows 11 Home Copilot + PC - 13.8” LCD PixelSense Touchscreen - Qualcomm Snapdragon X Elite (12 Core) - 16GB RAM - 512GB SSD - Graphite - ZGP-00059,"1,62,990",3.4,Microsoft,16.0,512.0,Unknown,Snapdragon
"Dell G Series, Intel Core i5-13450HX, 13th Gen, NVIDIA RTX 3050-6GB, 16GB, 512GB SSD, FHD, 15.6""/39.62cm, Windows 11, MSO'24, Dark Shadow Gray, 2.65KG, [G15-5530], Backlit Keyboard, Gaming Laptop","1,05,540",3.4,Dell,6.0,512.0,Gray,Intel
"Acer Aspire 3, 13th Gen, Intel Core i3-1305U Processor, 16 GB, 512 GB, Full HD IPS, 14.0""/35.56 cm, Windows 11 Home, Steel Gray, 1.45 kg, A324-53, Thin and Light Laptop","52,990",4.3,Acer,5.0,512.0,Gray,Intel
"HP 15 (2025), AMD Ryzen 3 7335U Quad Core - (8 GB DDR5/512 GB SSD/AMD Radeon Graphics/Windows 11 pro) Thin and Light Business Laptop/15.6"" FHD Display/Turbo Silver/1.5 kg/MSO 2024 / Copilot Key AI PC","47,999",4.0,Hp,5.0,512.0,Silver,AMD
"HP 15 Smartchoice, Intel Core Ultra 5 125H, 12 Tops (16GB DDR5, 512GB SSD) FHD, IPS, 15.6''/39.6cm, Win11, M365(1yr)* Office24, Silver, 1.65kg, fd1254TU, FHD Camera w/Shutter, AI Powered Laptop",Unknown,3.6,Hp,16.0,512.0,Silver,Intel
"Acer One Pro Smartchoice, AMD Ryzen 3-7320U 8GB DDR5 RAM | 512GB SSD, Win 11 Home, Ms Ofiice 21 Pro Plus,14 Inch, 1 Year Antivirus, 1.41KG, Professional Thin and Light Laptop","48,990",5.0,Acer,8.0,512.0,Unknown,AMD
"Apple 2026 MacBook Neo 13″ Laptop with A18 Pro chip: Built for AI and Apple Intelligence, Liquid Retina Display, 8GB Unified Memory, 256GB SSD Storage, 1080p FaceTime HD Camera; Citrus","73,990",4.8,Apple,8.0,256.0,Unknown,Unknown
"DELL 14 (2026) Intel Core 3 14th Gen 100U - (16 GB DDR5/512 GB SSD/Intel UHD Graphics/Windows 11 Home) Thin and Light Business Laptop/14.0"" FHD+ IPS Display/Ice Blue/1.4 kg/MSO 2021","63,425",3.5,Dell,5.0,512.0,Blue,Intel
"Acer Aspire 5, Intel Core Ultra 5 125H Processor,Office 2024 + M365 Basic, 16 GB RAM, 512 GB SSD, WUXGA IPS, 14.0""/35.56 cm, Win 11 Home, Pure Silver, 1.2 kg, A514-54H, Backlit KB, Premium Laptop","74,990",4.7,Acer,5.0,512.0,Silver,Intel
"HP 15 (2026), AMD Ryzen 5 Hexa Core 7535U - (16 GB DDR5/512 GB SSD/AMD Radeon 660M Graphics/Windows 11 Home) Thin and Light Business Laptop/15.6"" FHD Display/Turbo Silver/Copilot Key/1.5kg/MSO 2024","66,929",3.2,Hp,5.0,512.0,Silver,AMD
"HP 15 (2026), AMD Ryzen 3 Quad Core 7335U - (16 GB DDR5/512 GB SSD/AMD Radeon 660M Graphics/Windows 11 Pro) Thin and Light Business Laptop/15.6"" Display/Turbo Silver/Copilot Key/1.5kg/MS Office 2024","58,990",5.0,Hp,5.0,512.0,Silver,AMD
"Lenovo V14, Intel Core i5-13420H, 8GB RAM, 512GB SSD, FHD 14” (35.56cm), Windows 11 Home, Luna Grey, 1.37Kg, 83GUA052IG, 250 Nits, 1Y Onsite Warranty, Laptop","58,700",4.0,Lenovo,8.0,512.0,Grey,Intel
"MSI Venture A15 AI,AMD Ryzen 7 260,40CM FHD 144Hz Thin & Light Laptop(16GB/1TB NVMe SSD/Windows 11 Home/Solid Gray/1.9Kg) A2HMG-007IN","79,990",2.9,Msi,16.0,512.0,Gray,AMD
"HP Professional 15 (2026), Intel Core i5 13th Gen 1334U - (32 GB/512 GB SSD/Intel Iris Xe Graphics/Windows 11 Pro) Thin and Light Business Laptop/15.6"" FHD Display/Backlit/Turbo Silver/1.5 kg/MSO 2021","85,000",3.7,Hp,16.0,512.0,Silver,Intel
"acer Aspire 3, AMD Ryzen R5 7430U Processor, 16GB, 512 GB, Full HD IPS, 15.6""/39.62 cm, Windows 11 Home, Pure Silver, 1.79 kg, A325-42, Thin and Light Laptop","59,990",3.9,Acer,16.0,1024.0,Silver,AMD
"ASUS TUF A14 (2026),AMD Ryzen AI MAX+ 392, AMD Radeon 8060S iGPU,32GB RAM,1TB SSD, QHD+, 14""(35.5 cm),Windows 11, M365 Basic(1Y)* Office 2024,Jaeger Gray,1.48 Kg,FA401EA-RG020WS, Creator/Gaming Laptop","2,09,780",5.0,Asus,32.0,1024.0,Gray,AMD
"HP Laptop 250R G9 (2024), Intel Core i3 13th Gen 1315U - (8GB/512GB SSD/Intel UHD Graphics/DOS) Thin and Light Business Laptop/15.6"" (39.62cm)/Ash Grey/1.57 kg","54,500",4.2,Hp,8.0,512.0,Grey,Intel
"Lenovo LOQ, Intel Core i7 14th Gen 14700HX, NVIDIA RTX 5060 8GB, 16GB RAM, 1TB SSD, 15.6""(39.6cm), 144Hz, Windows 11, Office 2024, Grey, 2.4Kg, 83JE00U5IN, 572 AI Tops, 3 Mon. Game Pass Gaming Laptop","1,58,990",3.6,Lenovo,8.0,1024.0,Grey,Intel
"ASUS Vivobook 15, 13th Gen, Intel Core i3-1315U, 16GB RAM, 512GB SSD, FHD, Anti-Glare, 15.6"", 39.6 cm, Windows 11 Home, M365 Basic(1yr)* Office24, Quiet Blue, 1.70 kg, X1504VA-BQ342WS, Laptop","62,850",4.0,Asus,16.0,512.0,Blue,Intel
"acer Nitro V 15, Intel core i7-13th Gen 13620H,NVIDIA GeForce RTX - 5050 8GB, 16 GB,512 GB,Full HD IPS,15.6""/39.62 cm,165 Hz, Win 11 Home, Obsidian Black, 2.113 kg, ANV15-52, Amber KB,Gaming Laptop","1,39,990",3.2,Acer,8.0,512.0,Black,Intel
"HP 14, Intel Core 5-120U (16GB DDR4, 512GB SSD), FHD, Micro -Edge, Anti-Glare, 14''/35.6cm, Win11, M365* Office24, Silver, 1.41kg, ep0385tu, FHD Camera, Iris Xe Graphics, Backlit Laptop","69,990",2.7,Hp,16.0,512.0,Silver,Intel
"Lenovo V14 G3 14"" FHD Laptop, Intel Core i5-1235U, 16GB DDR4 RAM, 512GB SSD, Intel Iris Xe Graphics, Windows 11, Ms-Office Lifetime Validity, Iron Grey,1.6kg, 1 Year Onsite Brand Warranty","67,990",3.9,Lenovo,16.0,512.0,Grey,Intel
"Apple 2026 MacBook Neo 13"" Laptop with A18 Pro chip: Built for AI and Apple Intelligence, Liquid Retina Display, 8GB Unified Memory, 512GB SSD Storage, 1080p FaceTime HD Camera, Touch ID; Blush","83,490",4.8,Apple,8.0,512.0,Unknown,Unknown
"acer TravelLite Smart FHD TL04-51M Laptop, Intel Core i5 1334u 13th Gen 8 Core with 16GB Ram / 512GB NVMe SSD/Intel Iris Xe Graphics/Windows 11 / MS-Office / 14 Inch / 3 Year Brand Warranty","62,990",4.0,Acer,16.0,512.0,Unknown,Intel
"Lenovo ThinkPad E14, AMD Ryzen 7 7735HS, 16GB RAM, 512GB SSD, WUXGA IPS 14” (35.56cm), Win 11 Home, Office 2024, Graphite Black, 1.42Kg, 21M3S0QV00, Fingerprint, Backlit, 300 Nits, 1Y Warranty, Laptop","99,990",4.0,Lenovo,16.0,512.0,Black,AMD
"HP ProBook 445 G9 Business Laptop, 14"" FHD Non-Touch Display, AMD Ryzen 5 5625U Processor, 16GB RAM, 1TB SSD, IR Camera, Backlit Keyboard, Wi-Fi 6, RJ-45, HDMI, Windows 11 Pro, Silver","78,000",4.0,Hp,16.0,1024.0,Silver,AMD
"ASUS Vivobook 16 (2026),Intel Core Ultra 5 225H,Intel iGPU,16GB RAM,512GB SSD,FHD+,16""(40 cm),Windows 11 Home,M365 Basic(1 Year),Office 2024,Cool Silver,1.88 kg,X1607CA-MB350WS,Thin & Light Laptop","79,990",4.0,Asus,16.0,512.0,Silver,Intel
"Lenovo V15 AMD Ryzen 7 7730U 15.6"" (39.62cm) FHD 250 Nits Antiglare Thin and Light Laptop (16GB/512GB SSD/Windows 11/Iron Grey/1.65 Kg) Grey","69,999",4.2,Lenovo,16.0,512.0,Grey,AMD
"HP 15, Intel Core i3-1315U-13th Gen Laptop (8GB DDR4 Ram,512GB SSD) Anti-Glare, Micro-Edge,15.6'"" FHD, Win11,M365 Basic(1yr),Office Home24, Silver,1.59kg, FHD Camera Shutter, 15-fd0569TU","55,100",3.8,Hp,8.0,512.0,Silver,Intel
"HP 15, AMD Ryzen 7 7730U (16GB DDR4,512GB SSD) Anti-Glare, Micro-Edge,15.6''/39.6cm, FHD, Win11, M365 Basic(1yr),Office Home24,Silver,1.59kg,FHD Camera w/Privacy Shutter, Backlit KB-Laptop, fc0761AU","69,990",4.0,Hp,16.0,512.0,Silver,AMD
"ASUS Vivobook 15 (2026),Intel Core 5 120U,(i5-14th Gen),FingerPrint Sensor,8GB RAM,512GB SSD,FHD,15.6""(39.6 cm),Win 11,M365 Basic(1Y),Office 2024,Quiet Blue,1.7 Kg,X1504VAP-IN012WS,Thin & Light Laptop","58,990",4.0,Asus,8.0,512.0,Blue,Intel
"HP 14 AI, Intel Core Ultra 7 155H (16GB DDR5, 512GB SSD) FHD, Anti-Glare, 14""/35.6cm, Win11, Office21, Silver, 1.4kg, gr1023TU, Intel Arc Graphics, FHD Camera w/Shutter, Backlit Kb AI Powered Laptop","89,900",3.4,Hp,16.0,512.0,Silver,Intel
"HP 15 Laptop | AMD Ryzen 7 5825U |16GB DDR4 RAM | 512GB SSD |15.6"" (39.6 cm) FHD Display |AMD Radeon Graphics| Backlit KB | FHD Camera| Win 11| MS Office 2024 + M365*(1-Yr) | Silver |1.59kg |fc0533AU","72,900",3.9,Hp,16.0,512.0,Silver,AMD
"ASUS Vivobook Go 15 (2026),AMD Ryzen 5 40,AMD Radeon iGPU,16GB RAM,512GB SSD,FHD,15.6""(39.6 cm),Windows 11 Home,M365 Basic(1 Year),Office 2024,Cool Silver,1.63 Kg,E1504FA-IN2816WS,Thin & Light Laptop","60,990",4.0,Asus,16.0,512.0,Silver,AMD
"Microsoft Surface Laptop 13"" - Windows 11 Home - Copilot+ PC - PixelSense Touchscreen Display - Snapdragon X Plus (8 Core) - 16GB RAM - 256GB SSD - Platinum. with Microsoft 365 for 6 Months*","1,34,990",5.0,Microsoft,16.0,256.0,Unknown,Snapdragon
"Lenovo IdeaPad Slim 3 13th Gen Intel Core i5-13420H 15.3 inch (38.8cm) WUXGA IPS Laptop (16GB RAM/512GB SSD/Windows 11/Office 2024/Top Metal Cover/Backlit KB/Luna Grey/1.6Kg), 83K101JDIN","72,900",4.0,Lenovo,16.0,512.0,Grey,Intel
"HP Professional 14 (2026), Intel Core i3 13th Gen 1315U - (8 GB/512 GB SSD/Intel Graphics/Windows 11 Pro) Thin and Light Business Laptop/14.0"" HD Display/Turbo Silver/1.4 Kg/MSO 2024","60,999",3.0,Hp,8.0,512.0,Silver,Intel
"Lenovo LOQ 2025 Intel Core i7-14700HX| NVIDIA RTX 5060 8GB (32GB RAM/1TB SSD/144Hz Refresh Rate/572 AI TOPS/15.6"" (39.6cm)/Windows 11/Office 2024/3 Mon. Game Pass/Grey/2.4Kg), 83JE00U3IN",Unknown,4.2,Lenovo,8.0,1024.0,Grey,Intel
"HP Victus 15-fa2191TX/FA2190 Gaming Laptop – 13th Gen Intel Core i5, 15.6"" FHD 144Hz, RTX 3050A 4GB, 16GB RAM, 512GB SSD, Win 11, Backlit KB – Blue","94,900",4.0,Hp,4.0,512.0,Blue,Intel
"Dell Inspiron 5440 Notebook Computer, Intel Core 3 100U 14th Gen Processor, 8GB DDR5 RAM, 512GB SSD, 14"" FHD+ Screen, Ubuntu, 1Yr Warranty, Ice Blue","52,680",3.7,Dell,8.0,512.0,Blue,Intel
"HP 14, Intel Celeron Laptop","86,990",4.5,Hp,8.0,512.0,Unknown,Intel
"Lenovo V15 12th Gen Intel Core i5-1235U 15.6"" FHD Thin and Light Laptop (8GB RAM/512GB SSD/Windows 11 Home/MS Office Home & Student 2021/Iron Grey/1.70 kg), 82TTA07QIH","56,999",4.1,Lenovo,8.0,512.0,Grey,Intel
"Dell 15 Ai Powered Laptop, Intel Core Ultra 7 255H, 16GB DDR5 RAM, 512GB SSD, 15.6"" FHD Anti-Glare Display, Intel Arc Graphics, Backlit Keyboard, Dedicated Copilot Key, Silver, Win11 Home + MSO H&S'24","1,03,990",5.0,Dell,16.0,512.0,Silver,Intel
HP OmniBook 7 OLED ● Intel Core Ultra X7 358H● 50 Tops● 32GB LPDDR5x● 1TB SSD● 3K(2880 x 1800)●14''/35.6cm● 500nits● 0.2ms ●Win11● Office24● Silver● 1.4kg● hg0062TU● GaN Charger● MIL-STD tested Laptop,"2,49,990",4.0,Hp,32.0,1024.0,Silver,Intel
"Lenovo Yoga Pro 7 Aura Edition Intel Evo Core Ultra 9 285H (32GB RAM/1TB SSD/14.5"" (36.8cm)/3K OLED Touchscreen/AI PC/Copilot+ PC/Windows 11/Office Home 2024 AI Now/Grey/1.5Kg), 83KF004CIN","1,93,990",4.0,Lenovo,32.0,1024.0,Grey,Intel
"Lenovo IdeaPad Slim 3 13th Gen Core i5-13420H 15.3 inch (38.8cm) WUXGA IPS Laptop (16GB RAM/1TB SSD/Windows 11/Office Home 2024/Backlit Keyboard/1Yr ADP Free/3 Mon. Game Pass/Grey/1.6Kg), 83K100HSIN","82,990",3.9,Lenovo,16.0,1024.0,Grey,Unknown
"Lenovo LOQ 2025 Intel Core i7-14700HX| NVIDIA RTX 5060 8GB (32GB RAM/1TB SSD/144Hz Refresh Rate/572 AI TOPS/15.6"" (39.6cm)/Windows 11/Office 2024/3 Mon. Game Pass/Grey/2.4Kg), 83JE00T3IN","2,15,990",3.6,Lenovo,8.0,1024.0,Grey,Intel
"HP Pavilion Plus AI Laptop, Intel Core Ultra 5 125H, 10-12 Tops, 16GB LPDDR5x, 512GB SSD, 14-inch(35.6cm) 300 nits, WQXGA, Intel Arc Graphics, 5MP IR Camera (Win 11, Office 21, Blue, 1.44kg) ew1082TU","94,990",4.0,Hp,16.0,512.0,Blue,Intel
"HP Smartchoice Victus, 13th Gen i7-13620H, 6GB RTX 4050, 16GB DDR4(Upgradeable) 512GB SSD, 144Hz, 300nits, 15.6''/39.6cm, Win11, Office24, Mica Silver, 2.3kg, fa2100tx, Xbox Gamepass* Gaming Laptop","1,14,990",4.0,Hp,6.0,512.0,Silver,Unknown
"MSI CreatorPro X17 HX, Intel 13th Gen. i9-13980HX,44CM UHD 144Hz Mini LED Creator Laptop (64GB/4TB NVMe SSD/Windows 11 Pro/NVIDIA RTX™ 3500 Ada, GDDR6 12GB/Core Black/3.3Kg), A13VKS-249IN","4,45,000",3.2,Msi,64.0,2048.0,Black,Intel
"Apple 2026 MacBook Pro Laptop with M5 Max chip with 18‑core CPU and 40‑core GPU: Built for AI, 41.05 cm (16.2″) Liquid Retina XDR Display, 48GB Unified Memory, 2TB SSD Storage; Space Black","5,89,990",4.3,Apple,48.0,2048.0,Black,Unknown
"Lenovo LOQ 2025 AMD Ryzen 7 250| NVIDIA RTX 5060 8GB (24GB RAM/1TB SSD/144Hz Refresh Rate/572 AI TOPS/15.6"" (39.6cm)/Windows 11/Office 2024/3 Mon. Game Pass/Grey/2.4Kg), 83JG008MIN","1,74,500",4.9,Lenovo,8.0,1024.0,Grey,AMD
"ASUS ProArt P16 OLED (2025), AMD Ryzen AI 9 HX 370, RTX 5080-16GB,64GB RAM, 2TB SSD, 16""/40.64cm Touchscreen, 4K, 120Hz,Windows 11,M365 Basic (1Year)*/Office 2024, Nano Black, 1.95Kg,H7606WW-SE023WS","4,31,990",2.6,Asus,16.0,2048.0,Black,AMD
"Lenovo IdeaPad Slim 3 Intel Core Ultra 7 355 Next-Gen AI PC (16GB RAM/512GB SSD/15.3"" (38.86cm)/WUXGA IPS/Copilot+ PC/Windows 11/MSO 365 Basic+Office 2024/Backlit Keyboard/Grey/1.6Kg), 83UR009PIN","1,18,990",4.0,Lenovo,16.0,512.0,Grey,Intel
"ASUS Vivobook 16 (2026), AMD Ryzen AI 7 445, AMD Radeon iGPU, 16GB RAM, 512GB SSD, FHD+, 16"", (40 cm), Windows 11, M365 Basic(1 Year)* Office 2024, Quiet Blue, 1.88 kg, M1607GA-MB030WS, Co-Pilot+ PC","94,990",5.0,Asus,16.0,512.0,Blue,AMD
"Lenovo Yoga Slim 9 Intel Evo Core Ultra 7 258V Touchscreen Laptop (32GB RAM/1TB SSD/14 (35.5cm)/4K WQUXGA OLED/AI PC AI Now/Copilot+ PC/Windows 11/Office 2024/1Yr ADP/Teal/1.2Kg), 83CX002LIN","1,99,990",4.5,Lenovo,32.0,1024.0,Unknown,Intel
"Alienware 16 Area-51 Gaming Laptop(2025), NVIDIA RTX 5080 16GB GDDR7, Intel Ultra 9 275HX Up to 5.4GHz, 16"" QHD+ 240Hz 3ms 500Nits, 4K Camera, 64 GB DDR5, 2 TB SSD, Wi-Fi 7, Windows 11 Pro, Office Pro","9,99,990",1.0,Alienware,16.0,2048.0,Unknown,Intel
"𝗗𝗲𝗹𝗹Laptop Model 3410 Business Laptop | Core i5 10th Gen | 8GB DDR4 RAM | 256GB SSD | 14"" Full HD Display | Win 10 | A+Condition (Pre-Owned & Tested)","31,900",4.0,Unknown,8.0,256.0,Unknown,Unknown
"ASUS Vivobook 15 (2026),Intel Core 5 120U,(i5-14th Gen),Fingerprint Sensor,8GB RAM,512GB SSD,FHD,15.6""(39.6 cm),Win 11,M365 Basic(1Y),Office 24,Cool Silver,1.7 Kg,X1504VAP-IN011WS,Thin & Light Laptop","58,990",3.0,Asus,8.0,512.0,Silver,Intel
HP 15 Core i5 13th Gen (8GB RAM/512GB SSD/FHD/Windows 11/MS Office 21/Backlit Keyboard/15.6” (39.6cm)/Blue/1.59kg) fd0021TU Laptop,"63,990",4.0,Hp,8.0,512.0,Blue,Unknown
"ASUS Zenbook S14 (2026),Smartchoice,Intel Core Ultra 5 226V,Intel Arc iGPU,16GB/512GB,3K OLED,Touchscreen,14""(35.5 cm),Windows 11,M365 Basic(1Y),Office 2024,Gray,1.2 Kg,UX5406SA-PZ658WS,Copilot+ PC","1,36,990",4.0,Asus,16.0,2048.0,Gray,Intel
"ASUS ProArt P16 OLED (2025), AMD Ryzen AI 9 HX 370, RTX 5090-24GB,64GB RAM, 2TB SSD, 16""/40.64cm Touchscreen, 4K, 120Hz,Windows 11,M365 Basic (1Year)*/Office 2024, Nano Black, 1.95Kg,H7606WX-SE028WS","5,29,990",5.0,Asus,24.0,2048.0,Black,AMD
"Lenovo IdeaPad Slim 3 13th Gen Intel Core i3-1315U 15.6"" (39.6cm) FHD Thin and Light Laptop (8GB RAM/512GB SSD/Backlit Keyboard/FHD 1080p Camera/Windows 11/Office 2024/Grey/1.6Kg), 82X700M4IN","60,990",4.0,Lenovo,8.0,512.0,Grey,Intel
"HP 15 (2025), AMD Ryzen 3 7320U Quad Core - (16 GB/512 GB SSD/AMD Radeon Graphics/Windows 11 Home) Thin and Light Business Laptop/15.6"" FHD Display/Turbo Silver/1.5 kg/MS Office 2021","53,780",3.2,Hp,16.0,512.0,Silver,AMD
"HP 14 Laptop, Intel Core Ultra 7 155H (16GB DDR5, 512GB SSD) FHD, Anti-Glare, Micro-Edge, 14''/35.6cm, Win11, M365 Basic(1yr)* Office24, Silver, 1.4kg, EP1151TU, Backlit, HD Camera w/Shutter","88,990",4.0,Hp,16.0,512.0,Silver,Intel
NEW Microsoft Surface Laptop (7th Edition) - Windows 11 Home Copilot + PC - 15” LCD PixelSense Touchscreen - Qualcomm Snapdragon X Elite (12 Core) - 16GB RAM - 1TB SSD - Graphite - ZYT-00048,"1,86,990",4.2,New,16.0,1024.0,Unknown,Snapdragon
"MSI Prestige 16 AI Evo, Intel Core Ultra 7 155H, Built-in AI, 41CM QHD+ Thin and Light Laptop(16GB/1TB NVMe SSD/Windows 11 Home/Intel Arc Graphics/Stellar Grey/1.5Kg), B1MG-033IN","1,05,000",5.0,Msi,16.0,512.0,Grey,Intel
"Acer Chromebook, MediaTek Kompanio 540 Octa-Core Processor, 4GB RAM, 64GB eMMC, Full HD, 11.6""/27.94cm Display, Chrome OS, Black, 1.2 KG, C725, Arm Mali G57 Graphics, WiFi 6E Laptop","19,990",5.0,Acer,4.0,512.0,Black,MediaTek
"HP Professional 15 (2026), Intel (i5 14th Gen) Core 5 120U - (8 GB/512 GB SSD/Intel Iris Xe Graphics/Windows 11 Home) Business Laptop/15.6"" FHD/Backlit + Fingerprint/Silver/Copilot Key/1.5kg/MSO 2024","61,490",5.0,Hp,8.0,512.0,Silver,Intel
"Lenovo V14 G4 (2024), AMD Ryzen 3 7320U Quad Core - (8GB/512GB SSD/AMD Radeon Graphics 610M/Windows 11) Thin and Light Business Laptop/14 FHD Display/Silver/1.47 kg/MS Office 2021","48,990",4.0,Lenovo,8.0,512.0,Silver,AMD
"Lenovo Legion 7 2025 Intel Core Ultra 9 275HX| NVIDIA RTX 5070 8GB (32GB RAM/1TB SSD/WQXGA OLED/240Hz/16(40.64cm)/Windows 11/Office 2024+AI Now/White/2.0Kg), 83KY001GIN AI Powered Gaming Laptop","2,73,490",5.0,Lenovo,8.0,1024.0,White,Intel
"HP Professional 14 (2026), Intel (i7 14th Gen) Core 7 150U - (32 GB/512 GB SSD/Intel Iris Xe Graphic/Windows 11 Pro) Business Laptop/14.0"" FHD/Backlit + Fingerprint/Silver/Copilot Key/1.4kg/MSO 2024","91,990",5.0,Hp,64.0,512.0,Silver,Intel
"Dell Precision 7770 Mobile Workstation - 17.3"" FHD AG Display - 4.8 GHz Intel Core i7-12850HX 16-Core - 2TB SSD - 64GB RAM - NV RTX A4500 (16GB GDDR6) - Windows 11 Pro","3,49,990",4.0,Dell,64.0,2048.0,Unknown,Intel
"Acer TravelLite Thin Laptop AMD Ryzen 5 7430U (6-Core) |8GB RAM, 512GB SSD | 14"" Full HD Anti-Glare Display |Privacy Shutter| Windows 11| MS Office | Metal Body | 1.34Kg | Black | 30 Months Warranty","50,999",3.4,Acer,8.0,512.0,Black,AMD
"HP Victus, AMD Ryzen 7 7445HS, 6GB RTX 3050, 16GB DDR5(Upgradeable) 512GB SSD, 144Hz, IPS, 300nits, FHD, 15.6''/39.6cm, Win11, M365* Office24, Blue, 2.29kg, fb3125AX, Backlit, DTS Audio, Gaming Laptop","98,800",4.0,Hp,6.0,512.0,Blue,AMD
"Lenovo 14 (2025), Intel Core i5 13th Gen 1335U - (8 GB/512 GB SSD/Intel UHD Graphics/Windows 11 Pro) Thin and Light Business Laptop/14.0"" FHD Display/Iron Grey/1.4 kg/MS Office 2021","58,600",4.4,Lenovo,5.0,512.0,Grey,Intel
"HP Professional 14 (2026), Intel (i7 14th Gen) Core 7 150U - (16 GB/512 GB SSD/Intel Iris Xe Graphic/Windows 11 Pro) Business Laptop/14.0"" FHD/Backlit + Fingerprint/Silver/Copilot Key/1.4kg/MSO 2024","84,140",4.0,Hp,5.0,512.0,Silver,Intel
"DELL PRO 15 (2025) AMD Ryzen 5 7520U Quad Core - (8 GB DDR5/512 GB SSD/AMD Radeon 610M Graphics/Windows 11 Pro) Thin and Light Business Laptop/Backlit/15.6"" FHD Display/Black/1.5 kg/MSO 2021","51,100",3.4,Dell,5.0,512.0,Black,AMD
"Model 5410 Laptop | i5 10th Gen | 8GB DDR4 RAM | 512GB SSD | HD Graphics 620 | 14"" FHD Display | Win 10 Pro | A+ Condition (Pre-Owned & Tested)","28,299",4.0,Model,8.0,512.0,Unknown,Unknown
Acer TravelLite Bussines Laptop TL04-51M | Core 5-120U | 14 INCH FHD IPS | 8GB DDR4 | 512GB | WiFi 6+ BT 5.2 | 1MP HD-CAM | 36WHR | 45W | Black | Windows 11 Home (UN.36JSI.005),"50,490",4.0,Acer,8.0,512.0,Black,Unknown
"Acer TravelLite TL04-41M 14-inch FHD Thin & Light Metal Body Laptop, AMD Ryzen 3 5400U Processor, 8GB DDR4 RAM, 512GB SSD, Windows 11 Home, MS Office 2021, Wi-Fi 6, HD Webcam Sleek Metal Body","44,999",5.0,Acer,8.0,512.0,Unknown,AMD
"HP 15 (2026), AMD Ryzen 5 Hexa Core 7535U - (8 GB DDR5/512 GB SSD/AMD Radeon 660M Graphics/Windows 11 Pro) Thin and Light Business Laptop/15.6"" FHD Display/Turbo Silver/Copilot Key/1.5kg/MSO 2024","53,200",3.1,Hp,5.0,512.0,Silver,AMD
"ASUS Vivobook 15 (2026),Intel Core 5 320 (Series 3-Latest Gen),Fingerprint Sensor,Intel iGPU,16GB/512GB,FHD,15.6""(39.6 cm),Win 11,M365 Basic(1Y),Office 24,Terra Cotta,1.7 Kg,X1504MA-BQ426WS, AI Laptop","1,01,990",4.0,Asus,16.0,1024.0,Unknown,Intel
"Lenovo IdeaPad Slim 5, Intel Core i5-12450H, 12th Gen, 16GB RAM, 1TB SSD, WUXGA IPS 300Nits, 14""/36cm, Windows 11, Office 21, Grey, 1.46Kg, 83BF0043IN, BacklitKB,FHD Camera,Alexa,3Mon Game Pass Laptop","69,999",4.1,Lenovo,16.0,1024.0,Grey,Intel
"HP 15 Business Edition (2025), Intel Core i3 13th Gen 1315U | 16GB RAM | 512GB NVMe SSD | Windows 11 Pro | 15.6"" FHD IPS Anti-Glare Micro-Edge Display | Ultra-Light 1.59kg | Silver | MS Office 2024","65,990",3.0,Hp,16.0,512.0,Silver,Intel
"JioBook 11 with Lifetime Office | Android 4G Laptop Mediatek 8788 (JioOS) | Octa-core | 4GB RAM | 64 eMMC Storage | Thin and Light Laptop (11.6 inch, 990 Grams) | Dual Band WiFi + SIM | Blue","9,999",2.8,Jiobook,4.0,512.0,Blue,MediaTek
"HP 15, (i3 14th Gen) Intel Core 3 100U (8GB DDR5, 512GB SSD), Win11, M365* Office24, Micro-Edge, Anti-Glare,15.6''/39.6cm,Silver, 1.59kg,FHD Camera with Privact Shutter, Dual Speakers Laptop-fd0883TU","56,000",4.2,Hp,8.0,512.0,Silver,Intel
"Lenovo ThinkBook 14, Intel Core 5 210H, 16GB RAM, 1TB SSD, WUXGA IPS 14” (35.56cm), Win11 Home, Office 2024, Arctic Grey, 1.36Kg, 21SGA02XIG, Fingerprint, Backlit, 300 Nits, 1Y Onsite Warranty, Laptop","1,03,990",4.5,Lenovo,16.0,1024.0,Grey,Intel
"Lenovo ThinkBook 16, AMD Ryzen 5 7535HS, 16GB RAM, 512GB SSD, WUXGA IPS 16"", Windows 11 Home, Office 2024, 1.7kg, 21MWA0BSIN, Backlit Keyboard, Fingerprint, 300 Nits, 1Y Warranty, Aluminium Top Laptop","82,970",4.0,Lenovo,16.0,512.0,Unknown,AMD
HP ZBook EB 645 CB 14” FHD Laptop | AMD Ryzen 5 5625C | 8GB RAM | 256GB SSD | Chrome OS | Lightweight Business Laptop | 1 Year Warranty (767V3PA),"44,604",1.0,Hp,8.0,256.0,Unknown,AMD
"Dell 15 (Previously Inspiron), R5-7520U Processor, 8GB LPDDR5 RAM, 512GB SSD, FHD 15.6""/39.62 cm Display, Windows 11 Home, Carbon Black, 1.63kg, Standard Keyboard, 15 Month McAfee, Thin & Light Laptop","53,990",2.0,Dell,8.0,512.0,Black,Unknown
"Lenovo LOQ 2025 Intel Core i7-13650HX | NVIDIA RTX 5050 8GB (16GB RAM/1TB SSD/144Hz Refresh Rate/440 AI TOPS/15.6"" (39.6cm)/Windows 11/Office 2024/3 Mon.Game Pass/Grey/2.4Kg), 83JE010SIN","1,76,990",3.7,Lenovo,8.0,1024.0,Grey,Intel
"Lenovo LOQ 13th Gen Intel Core i7-13650HX 15.6"" (39.6cm) 144Hz 300Nits FHD Gaming Laptop (16GB/512GB SSD/Win 11/NVIDIA RTX 4050 6GB/1Yr ADP Free/MSO 24/Grey/2.3Kg), 83DV01A5IN",Unknown,3.6,Lenovo,16.0,512.0,Grey,Intel
"Acer Aspire 3 Laptop A325-42 | 15.6"" (39.6 cm) FHD IPS Display | AMD Ryzen 3 5400U | 8GB DDR4 RAM | 256GB NVMe SSD | Windows 11 Home | AMD Radeon Graphics | Wi-Fi 6 | Steel Gray | 1.78 Kg","40,999",4.0,Acer,8.0,512.0,Gray,AMD
"Lenovo IdeaPad Slim 3, Intel Core i7-13620H, 13th Gen, 16GB RAM, 512GB SSD, FHD IPS 300 Nits, 15""/38.1cm, Windows 11, MSOffice 21, Grey, 1.6Kg, 83EM008GIN,1Yr ADP Free,Alexa Built-in Laptop | 13th Gen, 16GB RAM, 512GB SSD, FHD IPS 300 Nits, 15""/38.1cm","83,400",4.1,Lenovo,16.0,512.0,Grey,Intel
"HP 15 (2026), AMD Ryzen 3 Quad Core 7335U - (8 GB DDR5/512 GB SSD/AMD Radeon 660M Graphics/Windows 11 Home) Thin and Light Business Laptop/15.6"" Display/Turbo Silver/Copilot Key/1.5kg/MS Office 2024","47,999",3.9,Hp,5.0,512.0,Silver,AMD
"HP OmniBook X Flip OLED Intel Core Ultra 5 226V, 40 Tops (16GB LPDDR5x,1TB SSD) 3K, Touch, 120hz, 14''/35.6cm, Intel ARC Graphic,Win11, Office24, Meteor Silver, 1.38kg, fm0099TU,Pen, 2 in 1 AI Laptop","1,15,990",3.6,Hp,16.0,1024.0,Silver,Intel
"Acer One15 (2026), AMD Ryzen 3 Quad Core 7320U - (8 GB LPDDR5/256 GB SSD/AMD Radeon 610M/Windows 11 Home) Thin and Light Laptop/15.6"" FHD Display/Silver/Copilot Key/1.5 Kg/MSO 2024/3 Years Warranty","40,990",5.0,Acer,5.0,256.0,Silver,AMD
"Dell Inspiron 15 DC15250 Laptop (Intel I5-1334U, 8GB DDR4 RAM, 512GB SSD, 15.6"" Full HD Display, Windows 11 Home, MS Office 2024 + Microsoft 365, Carbon Black, 1 Year NBD Warranty)","58,990",4.0,Dell,8.0,512.0,Black,Intel
"Apple 2026 MacBook Pro Laptop with M5 Max chip with 18‑core CPU and 32‑core GPU: Built for AI, 41.05 cm (16.2″) Liquid Retina XDR Display, 36GB Unified Memory, 2TB SSD Storage; Silver","5,13,990",2.4,Apple,36.0,2048.0,Silver,Unknown
"Apple 2026 MacBook Air 13″ Laptop with M5 chip: AI and Apple Intelligence, 34.46 cm (13.6″) Liquid Retina Display, 16GB Unified Memory, 1TB SSD Storage, 12MP Center Stage Camera, Touch ID; Sky Blue","1,72,490",4.7,Apple,16.0,1024.0,Blue,Unknown
"Apple 2026 MacBook Pro Laptop with M5 Max chip with 18‑core CPU and 32‑core GPU: Built for AI, 35.97 cm (14.2″) Liquid Retina XDR Display, 36GB Unified Memory, 2TB SSD Storage; Silver","4,75,490",5.0,Apple,36.0,2048.0,Silver,Unknown
"Apple 2026 MacBook Air 13″ Laptop with M5 chip: AI and Apple Intelligence, 34.46 cm (13.6″) Liquid Retina Display, 16GB Unified Memory, 1TB SSD Storage, 12MP Center Stage Camera, Touch ID; Starlight","1,72,490",4.7,Apple,16.0,1024.0,Unknown,Unknown
