id,symbol,name,image,current_price,market_cap,market_cap_rank,fully_diluted_valuation,total_volume,high_24h,low_24h,price_change_24h,price_change_percentage_24h,market_cap_change_24h,market_cap_change_percentage_24h,circulating_supply,total_supply,max_supply,ath,ath_change_percentage,ath_date,atl,atl_change_percentage,atl_date,roi,last_updated
bitcoin,btc,Bitcoin,https://coin-images.coingecko.com/coins/images/1/large/bitcoin.png?1696501400,79521.0,1596907659479,1,1596917360999,34014963098.0,79701.0,77666.0,1048.38,1.33598,21079579390.0,1.33768,20081671.0,20081793.0,21000000.0,126080.0,-36.92831,2025-10-06T10:57:42.000Z,67.81,117171.61491,2013-07-05T16:00:00.000Z,,2026-09-09T09:14:20.000Z
ethereum,eth,Ethereum,https://coin-images.coingecko.com/coins/images/279/large/ethereum.png?1696501628,2511.78,306518201478,2,306518201478,11989806864.0,2521.51,2442.98,31.47,1.26864,3846788309.0,1.27095,122032627.13795824,122032627.1379582,,4946.05,-49.21649,2025-08-24T11:21:03.000Z,0.432979,580015.37054,2015-10-19T16:00:00.000Z,"{'times': 41.23061842109489, 'currency': 'btc', 'percentage': 4123.061842109489}",2026-09-09T09:14:20.000Z
tether,usdt,Tether,https://coin-images.coingecko.com/coins/images/325/large/Tether.png?1696501661,0.999752,183414602480,3,188880189741,52503568921.0,0.999995,0.99953,-1.6873958794239e-05,-0.00169,18349085.0,0.01001,183460193480.14197,188927139311.3062,,1.32,-24.43837,2018-07-23T16:00:00.000Z,0.572521,74.62283,2015-03-01T16:00:00.000Z,,2026-09-09T09:14:20.000Z
binancecoin,bnb,BNB,https://coin-images.coingecko.com/coins/images/825/large/bnb-icon2_2x.png?1696501970,756.77,100774371434,4,100774365637,994893830.0,757.67,742.69,2.2,0.29135,294265079.0,0.29286,133161392.42,133161383.94,200000000.0,1369.99,-44.76087,2025-10-13T00:41:24.000Z,0.0398177,1900490.60463,2017-10-18T16:00:00.000Z,,2026-09-09T09:14:20.000Z
ripple,xrp,XRP,https://coin-images.coingecko.com/coins/images/44/large/xrp-symbol-white-128.png?1696501442,1.43,89895396694,5,143251551449,2588803418.0,1.45,1.38,0.0411354,2.95643,2593584381.0,2.97083,62744504852.0,99985627691.0,100000000000.0,3.65,-60.71386,2025-07-17T19:40:53.000Z,0.00268621,53228.77819,2014-05-21T16:00:00.000Z,,2026-09-09T09:14:20.000Z
usd-coin,usdc,USDC,https://coin-images.coingecko.com/coins/images/6319/large/USDC.png?1769615602,0.999935,74376228457,6,74383203371,14525550566.0,1.0,0.999741,8.465e-05,0.00847,81694650.0,0.10996,74381404419.06226,74402933827.04466,,1.043,-4.17161,2018-11-14T16:00:00.000Z,0.877647,13.9337,2023-03-11T00:02:13.000Z,,2026-09-09T09:14:20.000Z
solana,sol,Solana,https://coin-images.coingecko.com/coins/images/4128/large/solana.png?1718769756,104.53,61282942798,7,66246853807,2822733995.0,105.02,101.79,1.38,1.34178,821520401.0,1.35875,586250643.537941,633736881.6555083,,293.31,-64.36167,2025-01-19T03:15:27.000Z,0.500801,20772.85184,2020-05-11T11:35:23.000Z,,2026-09-09T09:14:20.000Z
tron,trx,TRON,https://coin-images.coingecko.com/coins/images/1094/large/photo_2026-04-13_09-59-16.png?1776048311,0.339232,32207161913,8,32207614043,353555398.0,0.339911,0.337652,0.00136706,0.40462,130458063.0,0.40671,94940716339.51509,94942048562.11488,,0.431288,-21.3445,2024-12-03T16:10:40.000Z,0.00180434,18700.87452,2017-11-11T16:00:00.000Z,"{'times': 177.5442559563522, 'currency': 'usd', 'percentage': 17754.42559563522}",2026-09-09T09:14:20.000Z
figure-heloc,figr_heloc,Figure Heloc,https://coin-images.coingecko.com/coins/images/68480/large/figure.png?1755863954,1.035,23075166018,9,23075166018,34095941.0,1.051,1.0,,,,,22290610113.348,22290610113.348,,1.061,-2.38937,2026-08-03T14:19:20.000Z,0.155357,566.33584,2025-10-31T06:27:24.000Z,,2026-09-09T07:26:20.000Z
zcash,zec,Zcash,https://coin-images.coingecko.com/coins/images/486/large/Brandmark-Yellow_%281%29.png?1785810558,1254.1,21224933955,9,21226029499,1158573576.0,1249.31,1132.83,120.27,10.60731,2040826445.0,10.63811,16921867.3530448,16922645.4780448,21000000.0,3191.93,-60.71037,2016-10-28T16:00:00.000Z,16.08,7699.04817,2024-07-04T20:22:29.000Z,,2026-09-09T09:14:20.000Z
hyperliquid,hype,Hyperliquid,https://coin-images.coingecko.com/coins/images/50882/large/hyperliquid.jpg?1729431300,86.51,19243774807,10,82643598620,1046104737.0,86.98,81.66,2.39,2.84212,531627189.0,2.84108,222445714.07414138,955307079.4341414,1000000000.0,89.6,-3.44774,2026-09-06T12:28:40.000Z,3.81,2171.37772,2024-11-29T01:30:30.000Z,,2026-09-09T09:14:20.000Z
dogecoin,doge,Dogecoin,https://coin-images.coingecko.com/coins/images/5/large/dogecoin.png?1696501409,0.091114,14198387894,11,15630217082,821376707.0,0.091427,0.088076,0.00170284,1.90451,265634049.0,1.90654,155838526383.7052,171553993126.5791,,0.731578,-87.5456,2021-05-07T21:08:23.000Z,8.69e-05,104744.31211,2015-05-05T16:00:00.000Z,,2026-09-09T09:14:20.000Z
rain,rain,Rain,https://coin-images.coingecko.com/coins/images/69134/large/Rain_logo_1_.png?1762952191,0.01608176,11406181403,12,18373294280,40372925.0,0.01700743,0.01597262,-0.000902405091994938,-5.31321,-639148313.7689075,-5.30619,709209722451.849,1142408530685.31,1150000000000.0,0.01946402,-17.37701,2026-08-25T19:53:00.000Z,0.00222126,623.99295,2025-09-14T00:56:57.000Z,,2026-09-09T09:14:20.000Z
usds,usds,USDS,https://coin-images.coingecko.com/coins/images/39926/large/usds.webp?1726666683,0.999912,9824757621,13,9823357964,230314875.0,1.0,0.999617,0.0001831,0.01831,-21326078.22939682,-0.21659,9825645155.094492,9825514253.114702,,1.057,-5.42981,2024-10-28T21:40:51.000Z,0.948265,5.44641,2024-10-03T05:19:28.000Z,,2026-09-09T09:14:20.000Z
whitebit,wbt,WhiteBIT Coin,https://coin-images.coingecko.com/coins/images/27045/large/wbt_token.png?1696526096,82.26,9699728405,14,24148149040,105083800.0,82.52,78.2,3.77,4.8011,441549346.0,4.76929,117919967.0,293569966.0,400000000.0,82.52,-0.31946,2026-09-09T00:48:20.000Z,3.06,2586.63908,2023-02-13T11:01:21.000Z,,2026-09-09T09:14:20.000Z
monero,xmr,Monero,https://coin-images.coingecko.com/coins/images/69/large/monero_logo.png?1696501460,500.94,9418399174,15,9418415404,123226237.0,520.5,493.99,-22.115465325972934,-4.22815,-415982123.93797493,-4.22988,18802298.73554504,18802331.13540078,,797.73,-37.20497,2026-01-14T11:34:07.000Z,0.216177,231626.11155,2015-01-13T16:00:00.000Z,,2026-09-09T09:14:20.000Z
chainlink,link,Chainlink,https://coin-images.coingecko.com/coins/images/877/large/Chainlink_Logo_500.png?1760023405,12.47,9325737126,16,12465896931,6556735658.0,12.77,12.35,-0.20238399104694693,-1.59757,-151395631.72419548,-1.59748,748099970.424884,1000000000.0,1000000000.0,52.7,-76.34395,2021-05-09T16:13:57.000Z,0.148183,8312.51677,2017-11-28T16:00:00.000Z,,2026-09-09T09:14:20.000Z
leo-token,leo,LEO Token,https://coin-images.coingecko.com/coins/images/8418/large/leo-token.png?1696508607,9.19,8448916533,17,9049448583,143578.0,9.26,9.17,-0.026046373717008464,-0.28277,-23949577.55322647,-0.28266,919857851.9,985239504.0,,10.61,-13.45673,2026-05-04T09:35:00.000Z,0.799859,1048.32887,2019-12-24T07:14:35.000Z,,2026-09-09T09:14:20.000Z
cardano,ada,Cardano,https://coin-images.coingecko.com/coins/images/975/large/cardano.png?1696502090,0.221119,8294095400,18,9950133100,584775955.0,0.231823,0.215202,0.00280069,1.28285,104877516.0,1.28068,37510482444.2993,45000000000.0,45000000000.0,3.09,-92.83689,2021-09-01T22:00:10.000Z,0.01925275,1048.50521,2020-03-12T18:22:55.000Z,,2026-09-09T09:14:20.000Z
stellar,xlm,Stellar,https://coin-images.coingecko.com/coins/images/100/large/fmpFRHHQ_400x400.jpg?1735231350,0.189516,6597185045,19,9478095736,176077738.0,0.19354,0.186398,-0.000673129741792483,-0.35393,-21769153.518075943,-0.32889,34803514288.59497,50001786839.70248,,0.875563,-78.35501,2018-01-02T16:00:00.000Z,0.00047612,39703.86954,2015-03-04T16:00:00.000Z,,2026-09-09T09:14:20.000Z
bitcoin-cash,bch,Bitcoin Cash,https://coin-images.coingecko.com/coins/images/780/large/bitcoin-cash-circle.png?1696501932,260.04,5222423403,20,5222454278,154016752.0,261.18,251.88,3.79,1.47882,75273542.0,1.46243,20086587.39665078,20086706.14665078,21000000.0,3785.82,-93.13117,2017-12-19T16:00:00.000Z,76.93,238.00232,2018-12-15T16:00:00.000Z,,2026-09-09T09:14:20.000Z
dai,dai,Dai,https://coin-images.coingecko.com/coins/images/9956/large/Badge_Dai.png?1696509996,1.0,4591178757,21,4572379987,280329668.0,1.0,0.999723,0.00016929,0.01693,-4341379.785069466,-0.09447,4591199596.785986,4592378825.518795,,1.22,-17.96048,2020-03-12T19:02:50.000Z,0.88196,13.38439,2023-03-10T23:50:50.000Z,,2026-09-09T09:14:20.000Z
ethena-usde,usde,Ethena USDe,https://coin-images.coingecko.com/coins/images/33613/large/usde.png?1733810059,0.999716,4451508505,22,4453492091,111931779.0,0.999948,0.999517,-3.3340901104961e-05,-0.00333,60893258.0,1.3869,4452765005.742061,4454749151.077431,,1.034,-3.31786,2025-12-09T09:10:12.000Z,0.929486,7.55583,2024-10-03T23:57:15.000Z,,2026-09-09T09:14:20.000Z
usd1-wlfi,usd1,USD1,https://coin-images.coingecko.com/coins/images/54977/large/USD1_1000x1000_transparent.png?1749297002,0.999494,4277846144,23,4277846154,1041144116.0,0.999799,0.999402,-4.2593622183729e-05,-0.00426,19770922.0,0.46432,4280049874.362852,4280049884.324213,,1.048,-4.62228,2026-07-09T10:14:50.000Z,0.988762,1.08534,2026-07-09T09:13:20.000Z,,2026-09-09T09:14:20.000Z
canton-network,cc,Canton,https://coin-images.coingecko.com/coins/images/70468/large/Canton-Ticker_%281%29.png?1762826299,0.107563,4259360292,24,4259360292,10309259.0,0.110029,0.102222,0.00297972,2.84915,123065765.0,2.97527,39557476014.76674,39557476014.76674,,0.194152,-44.59867,2026-02-03T00:02:08.000Z,0.059024,82.23519,2025-12-06T02:32:09.000Z,,2026-09-09T09:14:20.000Z
uniswap,uni,Uniswap,https://coin-images.coingecko.com/coins/images/12504/large/uniswap-logo.png?1720676669,6.79,4233835197,26,6049402297,532083096.0,7.13,6.69,-0.24998060553011214,-3.55015,-154463171.4888072,-3.51989,623212423.7271129,890460420.0329479,1000000000.0,44.92,-84.8799,2021-05-02T21:25:04.000Z,1.03,559.27477,2020-09-16T17:20:38.000Z,,2026-09-09T09:14:20.000Z
litecoin,ltc,Litecoin,https://coin-images.coingecko.com/coins/images/2/large/litecoin.png?1696501400,54.57,4233388199,25,4233399112,315867674.0,55.78,53.7,-0.715726747544295,-1.29466,-55690349.81276989,-1.29842,77587829.3344047,77590716.84237741,84000000.0,410.26,-86.69948,2021-05-09T19:13:07.000Z,1.15,4649.70992,2015-01-13T16:00:00.000Z,,2026-09-09T09:14:20.000Z
the-open-network,gram,Gram (prev. Toncoin),https://coin-images.coingecko.com/coins/images/17980/large/Gram_Circular_Badge.png?1781524778,1.41,3916518101,27,7377004084,33500181.0,1.41,1.38,0.01393766,1.00084,40772805.0,1.052,2785136503.6274734,5245976468.50445,,8.25,-82.9586,2024-06-14T16:36:51.000Z,0.519364,170.81787,2021-09-20T16:33:11.000Z,,2026-09-09T09:14:20.000Z
hedera-hashgraph,hbar,Hedera,https://coin-images.coingecko.com/coins/images/3688/large/hbar.png?1696504364,0.079552,3487338147,28,3978113226,62454766.0,0.080866,0.078462,-0.000499902211644865,-0.62448,-21440733.965841293,-0.61106,43831559702.85281,50000000000.0,50000000000.0,0.569229,-86.02469,2021-09-15T02:40:28.000Z,0.00986111,706.71974,2020-01-02T09:30:24.000Z,,2026-09-09T09:14:20.000Z
avalanche-2,avax,Avalanche,https://coin-images.coingecko.com/coins/images/12559/large/Avalanche_Circle_RedWhite_Trans.png?1696512369,8.01,3456292865,29,3709800953,276076054.0,8.19,7.84,-0.04311117947283982,-0.53562,-18954774.981820583,-0.54542,431771961.1772119,463441061.1772119,720000000.0,144.96,-94.47744,2021-11-21T06:18:56.000Z,2.8,185.8047,2020-12-31T05:15:21.000Z,,2026-09-09T09:14:20.000Z
sui,sui,Sui,https://coin-images.coingecko.com/coins/images/26375/large/sui-ocean-square.png?1727791290,0.82237,3368893199,30,8223758454,596133063.0,0.833475,0.796664,0.0034827,0.4253,14292314.0,0.42605,4096537146.5409594,10000000000.0,10000000000.0,5.35,-84.61874,2025-01-04T14:56:18.000Z,0.364846,125.40167,2023-10-19T02:40:30.000Z,,2026-09-09T09:14:20.000Z
global-dollar,usdg,Global Dollar,https://coin-images.coingecko.com/coins/images/51281/large/GDN_USDG_Token_200x200.png?1730484111,1.0,3320984726,31,3320888355,1245532872.0,1.0,0.999879,-4.2094703298412e-05,-0.00421,75169191.0,2.31588,3320823580.23496,3320823580.23496,,1.65,-39.55523,2025-01-29T16:11:05.000Z,0.907561,10.19294,2024-11-11T15:55:50.000Z,,2026-09-09T09:14:20.000Z
shiba-inu,shib,Shiba Inu,https://coin-images.coingecko.com/coins/images/11939/large/shiba.png?1696511800,5.46e-06,3215388384,32,3216789737,70432046.0,5.51e-06,5.35e-06,3.3556e-08,0.61871,19636184.0,0.61445,589239301066730.6,589496238721205.9,,8.616e-05,-93.66626,2021-10-27T19:54:55.000Z,5.6366e-11,9681334.61506,2020-11-28T03:26:25.000Z,,2026-09-09T09:14:20.000Z
near,near,NEAR Protocol,https://coin-images.coingecko.com/coins/images/10365/large/near.jpg?1696510367,2.46,3207039162,33,3207039172,465878276.0,2.48,2.25,0.141897,6.1333,186110061.0,6.16069,1305833358.0,1305833366.0,,20.44,-87.98591,2022-01-16T14:09:45.000Z,0.526762,366.14056,2020-11-04T08:09:15.000Z,,2026-09-09T09:14:20.000Z
crypto-com-chain,cro,Cronos,https://coin-images.coingecko.com/coins/images/7310/large/cro_token_logo.png?1696507599,0.060888,2955361949,34,6021715736,27380329.0,0.06401,0.058426,0.0029402,5.07387,142489638.0,5.06563,48543553017.044174,98910231845.35886,100000000000.0,0.891544,-93.1705,2021-11-23T16:00:00.000Z,0.0121196,402.39288,2019-02-07T16:00:00.000Z,,2026-09-09T09:14:20.000Z
paypal-usd,pyusd,PayPal USD,https://coin-images.coingecko.com/coins/images/31212/large/PYUSD_Token_Logo_2x.png?1765987788,0.99995,2833781846,35,2833597851,56320431.0,1.0,0.999704,0.00015797,0.0158,-55157488.24618673,-1.90926,2833917074.8302283,2833733070.498373,,1.021,-2.03648,2023-10-23T14:44:57.000Z,0.959426,4.22379,2024-12-05T14:31:13.000Z,,2026-09-09T09:14:20.000Z
blackrock-usd-institutional-digital-liquidity-fund,buidl,BlackRock USD Institutional Digital Liquidity Fund,https://coin-images.coingecko.com/coins/images/36291/large/blackrock.png?1711013223,1.0,2817664206,36,2817664206,0.0,1.0,1.0,0.0,0.0,-14618660.130000114,-0.51614,2817664205.670449,2817664205.670449,,1.0,0.0,2025-02-11T21:00:10.000Z,1.0,0.0,2026-07-23T07:25:00.000Z,,2026-09-09T09:14:20.000Z
memecore,m,MemeCore,https://coin-images.coingecko.com/coins/images/53247/large/square-bg-transparent.png?1752637478,1.2,2728771675,37,6503729936,1591164.0,1.25,1.16,0.03396901,2.90914,77700445.0,2.93091,2270778367.7934866,5412168214.300712,10000000000.0,5.64,-78.70728,2026-07-02T04:14:00.000Z,0.04746135,2431.81164,2025-07-03T19:56:17.000Z,,2026-09-09T09:14:20.000Z
tether-gold,xaut,Tether Gold,https://coin-images.coingecko.com/coins/images/10481/large/logo.png?1774627372,4395.82,2693864525,38,3111131149,181901020.0,4408.7,4343.14,2.52,0.05727,1542424.0,0.05729,612823.6595320001,707747.089,,5504.62,-20.14297,2026-01-28T16:00:00.000Z,1447.84,203.61221,2020-03-19T05:45:41.000Z,,2026-09-09T09:14:20.000Z
hashnote-usyc,usyc,Circle USYC,https://coin-images.coingecko.com/coins/images/51054/large/Hashnote_SDYC_200x200.png?1730370965,1.14,2624518387,39,2624518387,0.0,1.14,1.14,6.584e-05,0.00579,178060.0,0.00678,2309010956.409942,2309010956.409942,,1.14,0.0,2026-09-08T13:00:10.000Z,1.026,10.7727,2024-12-05T14:31:20.000Z,,2026-09-09T09:14:20.000Z
bittensor,tao,Bittensor,https://coin-images.coingecko.com/coins/images/28452/large/ARUsPeNQ_400x400.jpeg?1696527447,260.82,2503213420,40,5477210847,227357505.0,269.03,249.72,7.24,2.85407,69441215.0,2.85323,9597491.0,21000000.0,21000000.0,757.6,-65.57287,2024-03-07T10:45:36.000Z,30.83,746.00043,2023-05-14T00:57:53.000Z,,2026-09-09T09:14:20.000Z
ripple-usd,rlusd,Ripple USD,https://coin-images.coingecko.com/coins/images/39651/large/RLUSD_200x200_%281%29.png?1727376633,1.0,2442870183,41,2442870183,218875905.0,1.0,0.999768,0.00011927,0.01193,11333866.0,0.46612,2442740048.107196,2442740048.107194,,1.073,-6.78083,2024-12-26T02:45:52.000Z,0.962292,3.92606,2024-12-17T20:40:40.000Z,,2026-09-09T09:14:20.000Z
okb,okb,OKB,https://coin-images.coingecko.com/coins/images/4463/large/WeChat_Image_20220118095654.png?1696505053,114.71,2409010665,42,2409010665,20319557.0,116.43,113.34,-1.0592649544326918,-0.915,-22086955.549245834,-0.90852,21000000.0,21000000.0,21000000.0,228.74,-49.85242,2025-10-04T16:00:00.000Z,0.580608,19656.40864,2019-01-13T16:00:00.000Z,,2026-09-09T09:14:20.000Z
ondo-us-dollar-yield,usdy,Ondo US Dollar Yield,https://coin-images.coingecko.com/coins/images/31700/large/usdy_%281%29.png?1696530524,1.15,2206350401,43,2206350401,3149973.0,1.15,1.14,0.00025733,0.02247,374588.0,0.01698,1926010616.9157093,1926010616.915709,,1.26,-9.30208,2024-03-26T21:24:08.000Z,0.934184,22.62646,2024-01-14T03:40:50.000Z,,2026-09-09T09:14:20.000Z
mantle,mnt,Mantle,https://coin-images.coingecko.com/coins/images/30980/large/MNT_Token_Logo.png?1765516974,0.646827,2135843067,44,4022501667,31352180.0,0.652427,0.619758,0.02909694,4.7103,95918024.0,4.70204,3302294382.53684,6219316794.889999,6219316794.89,2.86,-77.34452,2025-10-08T17:04:46.000Z,0.307978,110.02396,2023-10-17T18:50:46.000Z,,2026-09-09T09:14:20.000Z
aster-2,aster,Aster,https://coin-images.coingecko.com/coins/images/69040/large/_ASTER.png?1757326782,0.760207,2056115110,45,5933962669,136584419.0,0.769483,0.740041,-0.006296895141737813,-0.82151,-16565054.295090199,-0.79921,2704071066.7997313,7803968119.651995,8000000000.0,2.41,-68.4396,2025-09-24T03:18:14.000Z,0.099713,662.39114,2025-09-17T04:05:36.000Z,,2026-09-09T09:14:20.000Z
polkadot,dot,Polkadot,https://coin-images.coingecko.com/coins/images/12171/large/polkadot.jpg?1766533446,1.19,2020945103,46,2020959700,437127368.0,1.28,1.061,0.116964,10.92934,199734519.0,10.96713,1701925709.053079,1701938427.484805,2100000000.0,54.98,-97.84073,2021-11-04T06:10:09.000Z,0.727004,63.29255,2026-08-18T02:57:10.000Z,,2026-09-09T09:14:20.000Z
aave,aave,Aave,https://coin-images.coingecko.com/coins/images/12645/large/aave-token-round.png?1720472354,130.57,2014288495,47,2089034417,199228708.0,132.03,126.85,-0.06058124505335627,-0.04638,-961462.428681612,-0.04771,15427517.92986743,16000000.0,16000000.0,661.69,-80.26759,2021-05-18T13:19:59.000Z,26.02,401.73555,2020-11-05T01:20:11.000Z,,2026-09-09T09:14:20.000Z
pax-gold,paxg,PAX Gold,https://coin-images.coingecko.com/coins/images/9519/large/asset-paxg.png?1785284785,4400.32,1903121120,48,1903121120,133367679.0,4412.43,4348.7,2.33,0.05295,974461.0,0.05123,432503.312051,432503.312051,,5619.09,-21.68979,2026-01-28T22:30:56.000Z,1399.64,214.38921,2019-11-17T19:09:35.000Z,,2026-09-09T09:14:20.000Z
pump-fun,pump,Pump.fun,https://coin-images.coingecko.com/coins/images/67164/large/pump.jpg?1751949376,0.00450609,1869190941,49,3762187593,211791577.0,0.00459699,0.00424285,0.00022911,5.35681,179686572.0,10.63546,414853314801.32904,834990133940.5168,1000000000000.0,0.00881908,-48.90523,2025-09-14T08:42:40.000Z,0.00115473,290.23026,2026-06-25T17:04:20.000Z,,2026-09-09T09:14:20.000Z
ondo-finance,ondo,Ondo,https://coin-images.coingecko.com/coins/images/26580/large/ONDO.png?1696525656,0.377321,1837527727,50,3773676221,104409097.0,0.385685,0.369949,-0.00015797105052523,-0.04185,-544194.2587878704,-0.02961,4869330647.0,10000000000.0,10000000000.0,2.14,-82.36945,2024-12-15T16:36:00.000Z,0.082171,359.19053,2024-01-18T04:14:30.000Z,,2026-09-09T09:14:20.000Z
world-liberty-financial,wlfi,World Liberty Financial,https://coin-images.coingecko.com/coins/images/50767/large/wlfi.png?1756438915,0.055828,1774064554,51,5582837510,21267218.0,0.056457,0.055395,-0.000179507629203372,-0.3205,-5702218.860192537,-0.32039,31777112471.0,100000000000.0,100000000000.0,0.331336,-83.15054,2025-09-01T04:20:09.000Z,0.050799,9.9009,2026-08-09T02:00:00.000Z,,2026-09-09T09:14:20.000Z
ethena,ena,Ethena,https://coin-images.coingecko.com/coins/images/36530/large/ethena.png?1711701436,0.167388,1689329723,52,2510070476,454103457.0,0.168753,0.157077,0.00471841,2.90061,47131880.0,2.87005,10095312500.0,15000000000.0,15000000000.0,1.52,-88.97097,2024-04-11T05:15:15.000Z,0.070228,138.34738,2026-06-30T15:44:00.000Z,,2026-09-09T09:14:20.000Z
worldcoin-wld,wld,Worldcoin,https://coin-images.coingecko.com/coins/images/31069/large/worldcoin.jpeg?1696529903,0.453944,1669824394,53,4539049783,245195375.0,0.492671,0.449628,-0.0189947964927219,-4.01633,-69307866.12310243,-3.9852,3678797267.9677486,10000000000.0,10000000000.0,11.74,-96.13356,2024-03-09T16:10:42.000Z,0.229961,97.40024,2026-05-18T15:06:00.000Z,,2026-09-09T09:14:20.000Z
morpho,morpho,Morpho,https://coin-images.coingecko.com/coins/images/29837/large/Morpho-token-icon.png?1726771230,2.39,1648082597,54,2392586985,34106113.0,2.45,2.31,-0.00167249632514288,-0.06984,-1270020.637030363,-0.077,688828706.0626059,1000000000.0,1000000000.0,4.17,-42.62382,2025-01-17T04:46:19.000Z,0.713151,235.54378,2024-11-24T17:55:43.000Z,,2026-09-09T09:14:20.000Z
internet-computer,icp,Internet Computer,https://coin-images.coingecko.com/coins/images/14495/large/Internet_Computer_logo.png?1696514180,2.87,1599043158,55,1599044823,70277312.0,3.1,2.83,-0.21955188281264482,-7.09611,-121977620.31568861,-7.08752,556266114.760748,556266694.1233896,,700.65,-99.58975,2021-05-10T08:05:53.000Z,2.0,43.52961,2026-08-01T20:31:10.000Z,,2026-09-09T09:14:20.000Z
pepe,pepe,Pepe,https://coin-images.coingecko.com/coins/images/29850/large/pepe-token.jpeg?1696528776,3.71e-06,1562554054,56,1562554054,239150563.0,3.76e-06,3.55e-06,9.9688e-08,2.75802,41987558.0,2.76131,420690000000000.0,420690000000000.0,420690000000000.0,2.803e-05,-86.74853,2024-12-09T08:30:35.000Z,5.5142e-08,6635.55545,2023-04-17T18:14:41.000Z,,2026-09-09T09:14:20.000Z
sky,sky,Sky,https://coin-images.coingecko.com/coins/images/39925/large/sky.jpg?1724827980,0.065696,1538805102,57,1541094548,6757383.0,0.06822,0.065814,-0.001965391994955809,-2.90474,-46427071.877319574,-2.92872,23427809076.166534,23462665147.36596,23462665147.3,0.100535,-34.65369,2024-12-04T02:13:57.000Z,0.03582727,83.36887,2025-02-02T21:01:48.000Z,,2026-09-09T09:14:20.000Z
htx-dao,htx,HTX DAO,https://coin-images.coingecko.com/coins/images/35491/large/Frame_1321318576.png?1708908626,1.7e-06,1523762452,58,1523762452,26536729.0,1.71e-06,1.68e-06,8.251e-09,0.48873,7270204.0,0.47941,898232728634017.2,898232728634017.2,999990000000000.0,3.75e-06,-54.77651,2024-12-03T16:16:20.000Z,8.00816e-07,111.85363,2024-08-05T05:31:33.000Z,,2026-09-09T09:14:20.000Z
usdd,usdd,USDD,https://coin-images.coingecko.com/coins/images/25380/large/UUSD.jpg?1696524513,0.999178,1494511034,59,1494510705,6069697.0,0.999947,0.998458,3.176e-05,0.00318,34413127.0,2.35691,1495746275.0,1495906785.0,,1.24,-19.56432,2026-07-09T09:35:10.000Z,0.928067,7.66231,2022-06-19T08:15:11.000Z,,2026-09-09T09:14:20.000Z
bitget-token,bgb,Bitget Token,https://coin-images.coingecko.com/coins/images/11610/large/Bitget_logo.png?1736925727,1.98,1387947127,60,1806177723,11168372.0,2.02,1.96,-0.013987136294059344,-0.70049,-9768132.315296412,-0.69886,699992029.6481038,910920874.6481038,2000000000.0,8.45,-76.53615,2024-12-27T03:41:24.000Z,0.0142795,13785.43831,2020-06-24T20:17:05.000Z,,2026-09-09T09:14:20.000Z
usdgo,usdgo,USDGO,https://coin-images.coingecko.com/coins/images/102172077/large/USDGO_%287%29.png?1771437018,1.0,1373644288,61,1373644288,52091503.0,1.0,0.99995,1.341e-05,0.00134,8005137.0,0.58618,1373442039.16,1373442039.16,,1.002,-0.22552,2026-03-11T00:04:22.000Z,0.999259,0.08905,2026-05-13T20:34:00.000Z,,2026-09-09T09:14:20.000Z
falcon-finance,usdf,Falcon USD,https://coin-images.coingecko.com/coins/images/54558/large/ff_200_X_200.png?1740741076,0.997193,1340728244,62,1340728244,470463.0,1.001,0.984236,0.00070924,0.07117,1356971.0,0.10131,1344458831.864756,1344458831.864756,,1.075,-7.2018,2025-05-08T13:25:42.000Z,0.943422,5.69954,2025-07-08T02:16:34.000Z,,2026-09-09T09:14:20.000Z
ethereum-classic,etc,Ethereum Classic,https://coin-images.coingecko.com/coins/images/453/large/ethereum-classic-logo.png?1696501717,8.47,1339254814,63,1339261150,120840503.0,9.02,8.03,0.270101,3.29326,42578674.0,3.28368,158117492.9880587,158118241.0712587,210700000.0,167.09,-94.9297,2021-05-06T10:34:22.000Z,0.615038,1277.43082,2016-07-24T16:00:00.000Z,"{'times': 17.844926516155052, 'currency': 'usd', 'percentage': 1784.492651615505}",2026-09-09T09:14:20.000Z
bfusd,bfusd,BFUSD,https://coin-images.coingecko.com/coins/images/68227/large/bfusd.png?1755132827,0.999713,1319617842,64,1319617842,1984304.0,0.99995,0.999489,8.908e-05,0.00891,114605.0,0.00869,1320000000.0,1320000000.0,,1.007,-0.71621,2025-10-10T13:40:40.000Z,0.996931,0.27905,2026-07-29T19:14:40.000Z,,2026-09-09T09:14:20.000Z
lighter,lit,Lighter,https://coin-images.coingecko.com/coins/images/71121/large/lighter.png?1765888098,5.27,1318661173,65,5274644690,131986619.0,5.31,4.61,0.460239,9.56243,115412756.0,9.59176,250000000.0,1000000000.0,1000000000.0,7.86,-32.90882,2025-12-30T01:05:21.000Z,0.779399,576.5771,2026-03-31T09:55:00.000Z,,2026-09-09T09:14:20.000Z
united-stables,u,United Stables,https://coin-images.coingecko.com/coins/images/71157/large/united-stables-logo.jpg?1766061640,0.999207,1284975835,66,1284975835,178027976.0,0.999421,0.998906,8.546e-05,0.00855,-15380131.708278894,-1.18276,1286000007.8,1286000007.8,,1.008,-0.85058,2026-02-05T13:06:07.000Z,0.968158,3.207,2025-12-20T16:47:20.000Z,,2026-09-09T09:14:20.000Z
venice-token,vvv,Venice Token,https://coin-images.coingecko.com/coins/images/54023/large/VVV_Token_Transparent.png?1741856877,26.71,1278378733,67,2160251470,310882277.0,29.19,17.98,8.68,48.18919,416769529.0,48.37106,47900182.52956757,80971458.74199632,,29.19,-8.49413,2026-09-09T07:42:00.000Z,0.91975,2803.74298,2025-12-01T10:55:48.000Z,,2026-09-09T09:14:20.000Z
spiko-amundi-overnight-swap-fund-eur,eursafo,Spiko Amundi Overnight Swap Fund (EUR),https://coin-images.coingecko.com/coins/images/102172591/large/Fund_eurSAF0.png?1774104814,1.18,1246590942,68,1246590942,0.0,1.18,1.18,0.00238549,0.203,2526892.0,0.20312,1058698463.14974,1058698463.14974,,1.18,-0.53116,2026-08-21T11:35:00.000Z,1.15,2.0252,2026-07-30T07:40:10.000Z,,2026-09-09T09:14:20.000Z
bitway,btw,Bitway,https://coin-images.coingecko.com/coins/images/71205/large/BTW_Token_200x200.png?1786291907,0.449569,1217486574,69,4495652177,9114901.0,0.46133,0.429682,0.00016983,0.03779,450302.0,0.037,2708142280.000001,10000000000.0,10000000000.0,0.745279,-39.67779,2026-08-19T09:36:00.000Z,0.00911805,4830.53677,2026-03-03T06:55:24.000Z,,2026-09-09T09:14:20.000Z
arbitrum,arb,Arbitrum,https://coin-images.coingecko.com/coins/images/16547/large/arb.jpg?1721358242,0.169709,1132911055,70,1696463274,244317427.0,0.178199,0.163302,-0.001806817778749858,-1.05344,-12486590.705042362,-1.09015,6678075931.0,10000000000.0,10000000000.0,2.39,-92.90003,2024-01-12T04:29:59.000Z,0.07048,140.79102,2026-06-26T13:20:40.000Z,,2026-09-09T09:14:20.000Z
pi-network,pi,Pi Network,https://coin-images.coingecko.com/coins/images/54342/large/pi_network.jpg?1739347576,0.09819,1093896589,71,1682917829,7332877.0,0.099584,0.095626,0.00217837,2.26886,24166265.0,2.2591,11141680597.248924,17141047072.69065,100000000000.0,2.99,-96.71343,2025-02-26T08:41:03.000Z,0.070586,39.10668,2026-07-14T02:37:30.000Z,,2026-09-09T09:14:20.000Z
polygon-ecosystem-token,pol,POL (ex-MATIC),https://coin-images.coingecko.com/coins/images/32440/large/pol.png?1759114181,0.098837,1058494798,72,1058494798,74998489.0,0.099879,0.094888,0.00261774,2.7206,27928811.0,2.71005,10711198045.42806,10711198045.42806,,1.29,-92.32371,2024-03-13T10:55:06.000Z,0.067711,45.96857,2026-07-01T01:13:30.000Z,,2026-09-09T09:14:20.000Z
cosmos,atom,Cosmos Hub,https://coin-images.coingecko.com/coins/images/1481/large/cosmos_hub.png?1696502525,1.98,1046493023,73,1046522474,105780561.0,1.97,1.66,0.318633,19.20946,168161485.0,19.14556,529694546.7458,529709951.847101,,43.84,-95.49011,2021-09-19T16:00:00.000Z,1.16,70.45455,2020-03-12T18:27:44.000Z,"{'times': 18.72984600545405, 'currency': 'usd', 'percentage': 1872.984600545405}",2026-09-09T09:14:20.000Z
quant-network,qnt,Quant,https://coin-images.coingecko.com/coins/images/3370/large/5ZOu7brX_400x400.jpg?1696504070,68.74,999932045,74,1004628922,17960941.0,69.83,66.38,2.24,3.36944,32813658.0,3.39293,14544176.164081175,14612493.0,14612493.0,427.42,-83.91854,2021-09-11T01:15:00.000Z,0.215773,31755.53399,2018-08-22T16:00:00.000Z,"{'times': 10.764695793766448, 'currency': 'eth', 'percentage': 1076.4695793766448}",2026-09-09T09:14:20.000Z
kaspa,kas,Kaspa,https://coin-images.coingecko.com/coins/images/25751/large/kaspa-icon-exchanges.png?1696524837,0.03607711,998959213,75,999072084,19148816.0,0.03715227,0.03424234,0.00182766,5.33631,50694851.0,5.34607,27686994077.202873,27690124360.45096,28704026601.0,0.207411,-82.60599,2024-07-31T16:40:47.000Z,0.00017105,20991.60511,2022-05-26T06:42:59.000Z,,2026-09-09T09:14:20.000Z
gatechain-token,gt,Gate,https://coin-images.coingecko.com/coins/images/8183/large/200X200.png?1735246724,9.26,987820047,76,1101324712,2255175.0,9.31,9.06,0.129808,1.42105,13873125.0,1.42442,106621818.86510092,118873116.08790243,142622844.0,25.38,-63.49931,2025-01-25T16:00:00.000Z,0.25754,3497.29951,2020-03-12T18:18:02.000Z,,2026-09-09T09:14:20.000Z
blockchain-capital,bcap,Blockchain Capital,https://coin-images.coingecko.com/coins/images/56040/large/bcap_logo_200.png?1748088291,106.49,970348700,77,970348700,0.0,106.49,106.22,0.27,0.25419,2460270.0,0.25419,9112111.0,9112111.0,,106.49,0.0,2026-09-08T22:20:10.000Z,17.76,499.60586,2025-06-02T12:50:02.000Z,,2026-09-09T09:14:20.000Z
kucoin-shares,kcs,KuCoin,https://coin-images.coingecko.com/coins/images/1047/large/sa9z79.png?1696502152,7.01,961524789,78,996577271,2801086.0,7.05,6.96,-0.003468941545350823,-0.04948,-58062.86660301685,-0.00604,137155021.2773955,142155021.2773955,,28.83,-75.6938,2021-12-01T07:09:35.000Z,0.342863,1943.80444,2019-02-06T16:00:00.000Z,,2026-09-09T09:14:20.000Z
eutbl,eutbl,Spiko EU T-Bills Money Market Fund,https://coin-images.coingecko.com/coins/images/39657/large/EUTBL.png?1723517425,1.23,919082507,79,919082507,0.0,1.23,1.23,0.00256427,0.20869,19551038.0,2.17347,746408125.46686,746408125.46686,,1.26,-2.35341,2026-01-27T13:00:08.000Z,1.011,21.8019,2024-08-15T01:45:23.000Z,,2026-09-09T09:14:20.000Z
algorand,algo,Algorand,https://coin-images.coingecko.com/coins/images/4380/large/download.png?1696504978,0.099038,895301535,80,895311772,41677258.0,0.103137,0.096825,0.00275873,2.86536,25000680.0,2.87265,9039625216.61013,9039730001.694023,10000000000.0,3.56,-97.21895,2019-06-20T06:51:19.000Z,0.075732,30.77372,2026-07-29T20:10:10.000Z,"{'times': -0.9587147203460883, 'currency': 'usd', 'percentage': -95.87147203460883}",2026-09-09T09:14:20.000Z
dash,dash,Dash,https://coin-images.coingecko.com/coins/images/19/large/dash-logo.png?1696501423,66.11,847907054,81,847906898,179240073.0,66.18,61.47,3.73,5.98305,47587963.0,5.94612,12828942.81383931,12829875.6572299,18920000.0,1493.59,-95.57365,2017-12-19T16:00:00.000Z,0.213899,30807.86061,2014-02-13T16:00:00.000Z,,2026-09-09T09:14:20.000Z
just,jst,JUST,https://coin-images.coingecko.com/coins/images/11095/large/JUST.jpg?1696511035,0.103371,846476863,82,846476863,23508467.0,0.110037,0.103428,-0.000986367578708416,-0.94518,-8077536.639442086,-0.94523,8188743036.341737,8188743036.341737,9900000000.0,0.193254,-46.51042,2021-04-04T20:34:23.000Z,0.00476275,2070.40373,2020-05-08T22:08:54.000Z,,2026-09-09T09:14:20.000Z
nexo,nexo,NEXO,https://coin-images.coingecko.com/coins/images/3695/large/CG-nexo-token-200x200_2x.png?1730414360,0.843575,843295030,83,843295030,2750774.0,0.849872,0.821065,0.01476554,1.78154,14485549.0,1.74775,1000000000.0,1000000000.0,1000000000.0,4.07,-79.263,2021-05-12T06:37:47.000Z,0.04515276,1768.26893,2018-09-12T16:00:00.000Z,"{'times': 7.438781532481878, 'currency': 'usd', 'percentage': 743.8781532481878}",2026-09-09T09:14:20.000Z
jupiter-exchange-solana,jup,Jupiter,https://coin-images.coingecko.com/coins/images/34188/large/jup.png?1704266489,0.247842,822905583,84,1700783308,80390901.0,0.253844,0.235435,0.00330502,1.35154,10966119.0,1.35061,3320312968.08,6862431112.197747,10000000000.0,2.0,-87.60798,2024-01-31T07:02:47.000Z,0.135801,82.50396,2026-02-12T10:35:44.000Z,,2026-09-09T09:14:20.000Z
superstate-short-duration-us-government-securities-fund-ustb,ustb,Invesco Short Duration US Government Securities Fund,https://coin-images.coingecko.com/coins/images/35012/large/Invesco_icon_lg.png?1780816895,11.2,820531170,85,820531170,0.0,11.2,11.2,0.001061,0.00947,45601127.0,5.88455,73251521.784255,73242588.993045,,11.2,0.0,2026-09-08T16:15:00.000Z,10.29,8.85069,2025-02-26T01:55:09.000Z,,2026-09-09T09:14:20.000Z
render-token,render,Render,https://coin-images.coingecko.com/coins/images/11636/large/rndr.png?1696511529,1.53,792408110,86,814953812,45720222.0,1.54,1.48,0.00937164,0.61734,4880058.0,0.61967,518772101.28269154,533532274.5626915,644245094.0,13.53,-88.71468,2024-03-17T08:30:24.000Z,0.03665669,4066.86105,2020-06-16T05:22:25.000Z,,2026-09-09T09:14:20.000Z
janus-henderson-anemoy-treasury-fund,jtrsy,Janus Henderson Anemoy Treasury Fund,https://coin-images.coingecko.com/coins/images/70445/large/JTRSY.png?1762078582,1.12,774942361,87,774942361,0.0,1.12,1.12,0.000412,0.03695,-24713775.005846977,-3.09055,694720859.594534,694720859.594534,,1.12,0.0,2026-09-08T13:50:10.000Z,1.085,2.83027,2025-11-12T20:05:05.000Z,,2026-09-09T09:14:20.000Z
stable-2,stable,​​Stable,https://coin-images.coingecko.com/coins/images/69242/large/stable-logotype-framed-square-light.png?1762753913,0.02844751,744008444,88,2844138586,7915574.0,0.02912468,0.02836892,-0.000503462176172108,-1.73902,-12463552.888566732,-1.64759,26159359739.0,100000000000.0,100000000000.0,0.04323745,-34.20632,2026-05-14T23:31:00.000Z,0.0092214,208.49456,2025-12-23T21:49:32.000Z,,2026-09-09T09:14:20.000Z
pancakeswap-token,cake,PancakeSwap,https://coin-images.coingecko.com/coins/images/12632/large/pancakeswap-cake-logo_%281%29.png?1696512440,2.31,739419271,89,766381321,82445121.0,2.35,2.26,-0.05104540820183967,-2.16191,-16566970.599159956,-2.19144,320182296.21734005,331857365.1830818,400000000.0,43.96,-94.7456,2021-04-30T02:08:22.000Z,0.194441,1088.06244,2020-11-03T06:29:34.000Z,,2026-09-09T09:14:20.000Z
janus-henderson-anemoy-aaa-clo-fund,jaaa,Janus Henderson Anemoy AAA CLO Fund,https://coin-images.coingecko.com/coins/images/70446/large/jaaa.png?1762078666,1.049,711356516,90,711356516,0.0,1.049,1.048,0.00054,0.05152,389789.0,0.05483,678322870.428591,678322870.428591,,1.049,0.0,2026-09-08T13:50:10.000Z,1.009,3.88435,2025-12-06T06:10:05.000Z,,2026-09-09T09:14:20.000Z
gho,gho,GHO,https://coin-images.coingecko.com/coins/images/30663/large/gho-token-logo.png?1720517092,0.998531,697971732,91,697971732,9585423.0,0.999002,0.998335,-0.000185461479016102,-0.01857,-131215.80564272404,-0.0188,699000000.0,699000000.0,,1.03,-3.04039,2024-02-28T09:15:58.000Z,0.917065,8.8833,2023-10-23T20:41:04.000Z,,2026-09-09T09:14:20.000Z
filecoin,fil,Filecoin,https://coin-images.coingecko.com/coins/images/12817/large/filecoin.png?1696512609,0.835248,691043252,92,1634864312,82451614.0,0.875856,0.829304,-0.011041133331120223,-1.30465,-8860139.227272153,-1.26591,827239060.0,1957075210.0,,236.84,-99.64733,2021-04-01T05:29:41.000Z,0.612413,36.38633,2026-08-18T03:52:30.000Z,,2026-09-09T09:14:20.000Z
vechain,vet,VeChain,https://coin-images.coingecko.com/coins/images/1167/large/VET.png?1742383283,0.0078549,675367058,93,675367058,30704859.0,0.00815912,0.00760247,0.00031756,4.21309,27267796.0,4.20735,85985041177.0,85985041177.0,86712634466.0,0.280991,-97.20457,2021-04-18T17:08:21.000Z,0.00191713,309.72132,2020-03-12T18:29:59.000Z,"{'times': 0.09508533087203355, 'currency': 'eth', 'percentage': 9.508533087203356}",2026-09-09T09:14:20.000Z
injective-protocol,inj,Injective,https://coin-images.coingecko.com/coins/images/12882/large/Other_200x200.png?1738782212,6.34,634006262,94,634006262,128661506.0,6.56,6.2,0.081829,1.30765,8233867.0,1.31579,100000000.0,100000000.0,,52.62,-87.95235,2024-03-14T07:06:22.000Z,0.657401,864.33603,2020-11-03T08:19:30.000Z,,2026-09-09T09:14:20.000Z
official-trump,trump,Official Trump,https://coin-images.coingecko.com/coins/images/53746/large/trump.png?1737171561,2.26,617543636,95,2260928999,158756699.0,2.29,2.2,-0.000225370959930693,-0.00997,-111343.44757449627,-0.01803,273137120.287634,1000000000.0,1000000000.0,73.43,-96.92074,2025-01-19T03:50:34.000Z,1.37,65.01702,2026-08-13T18:40:30.000Z,,2026-09-09T09:14:20.000Z
ether-fi,ethfi,Ether.fi,https://coin-images.coingecko.com/coins/images/35958/large/etherfi.jpeg?1710254562,0.63089,609010350,96,609010350,72381323.0,0.639674,0.577721,0.04327122,7.36383,41752860.0,7.36048,965350000.0,965350000.0,1000000000.0,8.53,-92.60293,2024-03-27T15:14:46.000Z,0.26653,136.70495,2026-06-05T19:19:15.000Z,,2026-09-09T09:14:20.000Z
aerodrome-finance,aero,Aerodrome Finance,https://coin-images.coingecko.com/coins/images/31745/large/token.png?1696530564,0.607918,599747778,97,1199852440,70557953.0,0.653594,0.603402,-0.028009435288720907,-4.4045,-27691980.271189332,-4.41349,986549017.9876245,1973685089.485853,,2.32,-73.762,2024-12-07T06:00:38.000Z,1.861e-05,3266525.28705,2023-10-16T17:23:50.000Z,,2026-09-09T09:14:20.000Z
beldex,bdx,Beldex,https://coin-images.coingecko.com/coins/images/5111/large/Beldex.png?1696505631,0.075553,594556619,98,750847875,11843723.0,0.077927,0.075265,-0.00209534318987184,-2.69851,-16578208.514629126,-2.71269,7870574110.19137,9939513979.736305,,0.450785,-83.23974,2018-12-16T16:00:00.000Z,0.00027519,27355.18239,2019-11-01T03:05:12.000Z,"{'times': -0.6978008340903163, 'currency': 'usd', 'percentage': -69.78008340903165}",2026-09-09T09:14:20.000Z
xdce-crowd-sale,xdc,XDC Network,https://coin-images.coingecko.com/coins/images/2912/large/xdc-icon.png?1696503661,0.02871005,572706423,99,1092936463,8338859.0,0.02930579,0.02824106,-0.000280317715267254,-0.96693,-5555344.796446323,-0.9607,19946688440.0,38065686425.1,,0.192754,-85.10536,2021-08-20T20:39:48.000Z,0.00039532,7162.51683,2019-07-21T16:00:00.000Z,"{'times': 0.5202114800549296, 'currency': 'eth', 'percentage': 52.021148005492954}",2026-09-09T09:14:20.000Z
